nation	caption	placeholder	source_file	source_file_sha256	byte_offset	source_byte_length	source_bytes_sha256	source_text	observed_text	zh_hant	status	evidence
england	@BUILD2	%STRING0	NAMES.TXT	4bf5ba261f71e9215450801d0ac4b00a66e91b046a3b592516524bea03bd6061	0x00000C18	8	c39d646f10769b078ae82be4da7a0079ca91182b241e749be4276e08c215c654	Explorer	Explorer	探險家	draft	固定難度的可見值已證實；NAMES.TXT @DIFFICULTY 來源候選為強推論
england	@BUILD2	%STRING1	NAMES.TXT	4bf5ba261f71e9215450801d0ac4b00a66e91b046a3b592516524bea03bd6061	0x00000B27	14	15f08aa4b93ec63bc7f2438f5ee5e417396cce8e9966338afc6c2eeb4095b2e0	Walter Raleigh	Walter Raleigh	Walter Raleigh	draft	可見值已證實；NAMES.TXT @LEADERNAME 來源候選為強推論；姓名依使用者2026-09-25決定（#29）維持原版英文，玩家改名時執行期回原文
england	@BUILD3	%STRING0	NAMES.TXT	4bf5ba261f71e9215450801d0ac4b00a66e91b046a3b592516524bea03bd6061	0x000009C1	6	ecc0e7dc084f141b29479058967d0bc07dee25d9690a98ee4e6fdad5168274d7	London	London	倫敦	draft	可見值已證實；NAMES.TXT @HOMEPORT 來源候選為強推論
england	@BUILD4	%STRING0	NAMES.TXT	4bf5ba261f71e9215450801d0ac4b00a66e91b046a3b592516524bea03bd6061	0x000008EA	7	c0ea960b065c6aa6dd567a1a741fa21aee3972692096e158cebb4309a3b2a716	England	England	英格蘭	draft	可見值已證實；NAMES.TXT @COUNTRY 來源候選為強推論
england	@BUILD4	%STRING1	GAME.TXT	67a6b5e22d1addc1ae13658d0d7824622f6d21c6c2bfdefc91f9749450cc2e3a	0x0000CB9C	4	13166b63aaa73022433839e2a56117c9d04bc638877b53f945c06c4f665e159d	King	King	國王	draft	可見值已證實；GAME.TXT @MYLEADER 來源候選為強推論
england	@BUILD7	%STRING0	NAMES.TXT	4bf5ba261f71e9215450801d0ac4b00a66e91b046a3b592516524bea03bd6061	0x000008EA	7	c0ea960b065c6aa6dd567a1a741fa21aee3972692096e158cebb4309a3b2a716	England	England	英格蘭	draft	可見值已證實；NAMES.TXT @COUNTRY 來源候選為強推論
france	@BUILD2	%STRING0	NAMES.TXT	4bf5ba261f71e9215450801d0ac4b00a66e91b046a3b592516524bea03bd6061	0x00000C18	8	c39d646f10769b078ae82be4da7a0079ca91182b241e749be4276e08c215c654	Explorer	Explorer	探險家	draft	固定難度的可見值已證實；NAMES.TXT @DIFFICULTY 來源候選為強推論
france	@BUILD2	%STRING1	NAMES.TXT	4bf5ba261f71e9215450801d0ac4b00a66e91b046a3b592516524bea03bd6061	0x00000B4B	15	484d0097a486dee054223203889d542e0d244bc47cf7073755119cc9df718334	Jacques Cartier	Jacques Cartier	Jacques Cartier	draft	可見值已證實；NAMES.TXT @LEADERNAME 來源候選為強推論；姓名依使用者2026-09-25決定（#29）維持原版英文，玩家改名時執行期回原文
france	@BUILD3	%STRING0	NAMES.TXT	4bf5ba261f71e9215450801d0ac4b00a66e91b046a3b592516524bea03bd6061	0x000009C9	11	22abe0da94cbb8c5e3aff1bb9e7cb92aeebc2eb6f562edf7078e87a55d29403f	La Rochelle	La Rochelle	拉羅謝爾	draft	可見值已證實；NAMES.TXT @HOMEPORT 來源候選為強推論；譯名待術語審查
france	@BUILD4	%STRING0	NAMES.TXT	4bf5ba261f71e9215450801d0ac4b00a66e91b046a3b592516524bea03bd6061	0x00000906	6	7a1ca4ef7515f7276bae7230545829c27810c9d9e98ab2c06066bee6270d5153	France	France	法國	draft	可見值已證實；NAMES.TXT @COUNTRY 來源候選為強推論
france	@BUILD4	%STRING1	GAME.TXT	67a6b5e22d1addc1ae13658d0d7824622f6d21c6c2bfdefc91f9749450cc2e3a	0x0000CBA2	4	13166b63aaa73022433839e2a56117c9d04bc638877b53f945c06c4f665e159d	King	King	國王	draft	可見值已證實；GAME.TXT @MYLEADER 來源候選為強推論
france	@BUILD7	%STRING0	NAMES.TXT	4bf5ba261f71e9215450801d0ac4b00a66e91b046a3b592516524bea03bd6061	0x00000906	6	7a1ca4ef7515f7276bae7230545829c27810c9d9e98ab2c06066bee6270d5153	France	France	法國	draft	可見值已證實；NAMES.TXT @COUNTRY 來源候選為強推論
spain	@BUILD2	%STRING0	NAMES.TXT	4bf5ba261f71e9215450801d0ac4b00a66e91b046a3b592516524bea03bd6061	0x00000C18	8	c39d646f10769b078ae82be4da7a0079ca91182b241e749be4276e08c215c654	Explorer	Explorer	探險家	draft	固定難度的可見值已證實；NAMES.TXT @DIFFICULTY 來源候選為強推論
spain	@BUILD2	%STRING1	NAMES.TXT	4bf5ba261f71e9215450801d0ac4b00a66e91b046a3b592516524bea03bd6061	0x00000B6F	20	7fc1eb62ae2c71508e3815c37e86be0a537f9d5dd6133cb50fe663f8b8487b3d	Christopher Columbus	Christopher Columbus	Christopher Columbus	draft	可見值已證實；NAMES.TXT @LEADERNAME 來源候選為強推論；姓名依使用者2026-09-25決定（#29）維持原版英文，玩家改名時執行期回原文
spain	@BUILD3	%STRING0	NAMES.TXT	4bf5ba261f71e9215450801d0ac4b00a66e91b046a3b592516524bea03bd6061	0x000009D6	7	8c1c66a7ccfe126587800ffae960e60c47c5a3a0377713808ec01f29f410929e	Seville	Seville	塞維亞	draft	可見值已證實；NAMES.TXT @HOMEPORT 來源候選為強推論
spain	@BUILD4	%STRING0	NAMES.TXT	4bf5ba261f71e9215450801d0ac4b00a66e91b046a3b592516524bea03bd6061	0x00000921	5	8ef41e6f4b07432a0cb4eb7a8774e7a3878fd3e385f49aa09b406768467db228	Spain	Spain	西班牙	draft	可見值已證實；NAMES.TXT @COUNTRY 來源候選為強推論
spain	@BUILD4	%STRING1	GAME.TXT	67a6b5e22d1addc1ae13658d0d7824622f6d21c6c2bfdefc91f9749450cc2e3a	0x0000CBA8	4	13166b63aaa73022433839e2a56117c9d04bc638877b53f945c06c4f665e159d	King	King	國王	draft	可見值已證實；GAME.TXT @MYLEADER 來源候選為強推論
spain	@BUILD7	%STRING0	NAMES.TXT	4bf5ba261f71e9215450801d0ac4b00a66e91b046a3b592516524bea03bd6061	0x00000921	5	8ef41e6f4b07432a0cb4eb7a8774e7a3878fd3e385f49aa09b406768467db228	Spain	Spain	西班牙	draft	可見值已證實；NAMES.TXT @COUNTRY 來源候選為強推論
netherlands	@BUILD2	%STRING0	NAMES.TXT	4bf5ba261f71e9215450801d0ac4b00a66e91b046a3b592516524bea03bd6061	0x00000C18	8	c39d646f10769b078ae82be4da7a0079ca91182b241e749be4276e08c215c654	Explorer	Explorer	探險家	draft	固定難度的可見值已證實；NAMES.TXT @DIFFICULTY 來源候選為強推論
netherlands	@BUILD2	%STRING1	NAMES.TXT	4bf5ba261f71e9215450801d0ac4b00a66e91b046a3b592516524bea03bd6061	0x00000B93	17	995903679b5a980210e44d865c2eb1391e16291993c93b2b26f8706c0028db94	Michiel De Ruyter	Michiel De Ruyter	Michiel De Ruyter	draft	可見值已證實；NAMES.TXT @LEADERNAME 來源候選為強推論；姓名依使用者2026-09-25決定（#29）維持原版英文，玩家改名時執行期回原文
netherlands	@BUILD3	%STRING0	NAMES.TXT	4bf5ba261f71e9215450801d0ac4b00a66e91b046a3b592516524bea03bd6061	0x000009DF	9	0013c01fe0d094209b8bd3d23b8f96dbabcd01ddd2a039eeba82d1891acf0d61	Amsterdam	Amsterdam	阿姆斯特丹	draft	可見值已證實；NAMES.TXT @HOMEPORT 來源候選為強推論
netherlands	@BUILD4	%STRING0	NAMES.TXT	4bf5ba261f71e9215450801d0ac4b00a66e91b046a3b592516524bea03bd6061	0x0000093D	11	3a386c13d283dc2ebbe2aeffc1ab3930d086b28956930d913d8dc58f34c013b7	Netherlands	the Netherlands	荷蘭	draft	可見值已證實；NAMES.TXT @COUNTRY 僅為國名來源候選；畫面多出的 the 組合來源未知
netherlands	@BUILD4	%STRING1	GAME.TXT	67a6b5e22d1addc1ae13658d0d7824622f6d21c6c2bfdefc91f9749450cc2e3a	0x0000CBAE	11	36f58542c943c7aa6023c123afd1c7df8d552ae72c76673775752cd07404d72f	Stadtholder	Stadtholder	執政官	draft	可見值已證實；GAME.TXT @MYLEADER 來源候選為強推論
netherlands	@BUILD7	%STRING0	NAMES.TXT	4bf5ba261f71e9215450801d0ac4b00a66e91b046a3b592516524bea03bd6061	0x0000093D	11	3a386c13d283dc2ebbe2aeffc1ab3930d086b28956930d913d8dc58f34c013b7	Netherlands	the Netherlands	荷蘭	draft	可見值已證實；NAMES.TXT @COUNTRY 僅為國名來源候選；畫面多出的 the 組合來源未知
