message_id	source_archive	source_archive_sha256	source_member	source_member_sha256	nation	section_offset	text_offset	text_byte_length	source_bytes_sha256	source_record	source_name	source_year	zh_hant	status	notes
COLONY.TXT:@ENGLISH:00	Sid Meier's Colonization (1994).zip	8aa93f219a6166712933bc60e402fe78024df1de821605c3036e1ae14e619867	SMColoni/COLONIZE/COLONY.TXT	2996f8a9d53a7f7a93e4a238bfd2ba727c4cf5cdabc334c4059c6860c9e4ae36	ENGLISH	0x00000111	0x0000011B	14	977ac7ef3fdaaa6dba6a581b7d0837fb8785aa315dc01dbc5e259940254b1425	Jamestown,1607	Jamestown	1607	詹姆斯敦（Jamestown，1607）	draft	殖民地預設名稱顯示草稿；罕見歷史地名待術語審查，原始名稱與年份只作來源，不是執行期鍵或畫面驗證
COLONY.TXT:@ENGLISH:01	Sid Meier's Colonization (1994).zip	8aa93f219a6166712933bc60e402fe78024df1de821605c3036e1ae14e619867	SMColoni/COLONIZE/COLONY.TXT	2996f8a9d53a7f7a93e4a238bfd2ba727c4cf5cdabc334c4059c6860c9e4ae36	ENGLISH	0x00000111	0x0000012B	13	e7949bab1b5b86eabf602319a116a792848d039c7eac72abd9e14c94ec017233	Plymouth,1620	Plymouth	1620	普利茅斯（Plymouth，1620）	draft	殖民地預設名稱顯示草稿；罕見歷史地名待術語審查，原始名稱與年份只作來源，不是執行期鍵或畫面驗證
COLONY.TXT:@ENGLISH:02	Sid Meier's Colonization (1994).zip	8aa93f219a6166712933bc60e402fe78024df1de821605c3036e1ae14e619867	SMColoni/COLONIZE/COLONY.TXT	2996f8a9d53a7f7a93e4a238bfd2ba727c4cf5cdabc334c4059c6860c9e4ae36	ENGLISH	0x00000111	0x0000013A	12	3e99f246f358b7d556924c891845e851025fd70e66170c24c3329faf61af8eaa	Roanoke,1585	Roanoke	1585	羅阿諾克（Roanoke，1585）	draft	殖民地預設名稱顯示草稿；罕見歷史地名待術語審查，原始名稱與年份只作來源，不是執行期鍵或畫面驗證
COLONY.TXT:@ENGLISH:03	Sid Meier's Colonization (1994).zip	8aa93f219a6166712933bc60e402fe78024df1de821605c3036e1ae14e619867	SMColoni/COLONIZE/COLONY.TXT	2996f8a9d53a7f7a93e4a238bfd2ba727c4cf5cdabc334c4059c6860c9e4ae36	ENGLISH	0x00000111	0x00000148	13	0a9ed0b9ad123c49b27f9e9e7825f0edaa8f5ce4e785274fa51c6bef7bdcc3b9	Barbados,1627	Barbados	1627	巴貝多（Barbados，1627）	draft	殖民地預設名稱顯示草稿；罕見歷史地名待術語審查，原始名稱與年份只作來源，不是執行期鍵或畫面驗證
COLONY.TXT:@ENGLISH:04	Sid Meier's Colonization (1994).zip	8aa93f219a6166712933bc60e402fe78024df1de821605c3036e1ae14e619867	SMColoni/COLONIZE/COLONY.TXT	2996f8a9d53a7f7a93e4a238bfd2ba727c4cf5cdabc334c4059c6860c9e4ae36	ENGLISH	0x00000111	0x00000157	14	7efdf2de0bf0d62e42a7ef2b2ddc54e4526cac0a7e7134a564c80173982c3b95	Penobscot,1628	Penobscot	1628	佩諾布斯科特（Penobscot，1628）	draft	殖民地預設名稱顯示草稿；罕見歷史地名待術語審查，原始名稱與年份只作來源，不是執行期鍵或畫面驗證
COLONY.TXT:@ENGLISH:05	Sid Meier's Colonization (1994).zip	8aa93f219a6166712933bc60e402fe78024df1de821605c3036e1ae14e619867	SMColoni/COLONIZE/COLONY.TXT	2996f8a9d53a7f7a93e4a238bfd2ba727c4cf5cdabc334c4059c6860c9e4ae36	ENGLISH	0x00000111	0x00000167	11	c008e5c96b4c857aa3a7091a9df0903e2d3591fdc38559b9a7f8475296b13ebf	Boston,1630	Boston	1630	波士頓（Boston，1630）	draft	殖民地預設名稱顯示草稿；罕見歷史地名待術語審查，原始名稱與年份只作來源，不是執行期鍵或畫面驗證
COLONY.TXT:@ENGLISH:06	Sid Meier's Colonization (1994).zip	8aa93f219a6166712933bc60e402fe78024df1de821605c3036e1ae14e619867	SMColoni/COLONIZE/COLONY.TXT	2996f8a9d53a7f7a93e4a238bfd2ba727c4cf5cdabc334c4059c6860c9e4ae36	ENGLISH	0x00000111	0x00000174	14	bb7a20a578a821e1f76c881f7859aa09cff8f4263e865931aaaf6dc0b9c012cc	Baltimore,1632	Baltimore	1632	巴爾的摩（Baltimore，1632）	draft	殖民地預設名稱顯示草稿；罕見歷史地名待術語審查，原始名稱與年份只作來源，不是執行期鍵或畫面驗證
COLONY.TXT:@ENGLISH:07	Sid Meier's Colonization (1994).zip	8aa93f219a6166712933bc60e402fe78024df1de821605c3036e1ae14e619867	SMColoni/COLONIZE/COLONY.TXT	2996f8a9d53a7f7a93e4a238bfd2ba727c4cf5cdabc334c4059c6860c9e4ae36	ENGLISH	0x00000111	0x00000184	15	cde86559b519260708ab00214573f318f7217c2b80198e8fa27b7e69a76f5d73	Providence,1636	Providence	1636	普羅維登斯（Providence，1636）	draft	殖民地預設名稱顯示草稿；罕見歷史地名待術語審查，原始名稱與年份只作來源，不是執行期鍵或畫面驗證
COLONY.TXT:@ENGLISH:08	Sid Meier's Colonization (1994).zip	8aa93f219a6166712933bc60e402fe78024df1de821605c3036e1ae14e619867	SMColoni/COLONIZE/COLONY.TXT	2996f8a9d53a7f7a93e4a238bfd2ba727c4cf5cdabc334c4059c6860c9e4ae36	ENGLISH	0x00000111	0x00000195	13	6288f1ae3043c03320dd71d5a526bf6b21880f26bf4acfe6a82e4878346166dd	Hartford,1636	Hartford	1636	哈特福（Hartford，1636）	draft	殖民地預設名稱顯示草稿；罕見歷史地名待術語審查，原始名稱與年份只作來源，不是執行期鍵或畫面驗證
COLONY.TXT:@ENGLISH:09	Sid Meier's Colonization (1994).zip	8aa93f219a6166712933bc60e402fe78024df1de821605c3036e1ae14e619867	SMColoni/COLONIZE/COLONY.TXT	2996f8a9d53a7f7a93e4a238bfd2ba727c4cf5cdabc334c4059c6860c9e4ae36	ENGLISH	0x00000111	0x000001A4	14	b7b75ed467e3633a679205deabfe68c52b954bd00230127e91788ea4335a0a3e	New Haven,1640	New Haven	1640	紐黑文（New Haven，1640）	draft	殖民地預設名稱顯示草稿；罕見歷史地名待術語審查，原始名稱與年份只作來源，不是執行期鍵或畫面驗證
COLONY.TXT:@ENGLISH:10	Sid Meier's Colonization (1994).zip	8aa93f219a6166712933bc60e402fe78024df1de821605c3036e1ae14e619867	SMColoni/COLONIZE/COLONY.TXT	2996f8a9d53a7f7a93e4a238bfd2ba727c4cf5cdabc334c4059c6860c9e4ae36	ENGLISH	0x00000111	0x000001B4	13	bd5f4eaaa6981ac271a965ff2d3fef1054be20654a20fc396831564efc2cceaa	New York,1664	New York	1664	紐約（New York，1664）	draft	殖民地預設名稱顯示草稿；罕見歷史地名待術語審查，原始名稱與年份只作來源，不是執行期鍵或畫面驗證
COLONY.TXT:@ENGLISH:11	Sid Meier's Colonization (1994).zip	8aa93f219a6166712933bc60e402fe78024df1de821605c3036e1ae14e619867	SMColoni/COLONIZE/COLONY.TXT	2996f8a9d53a7f7a93e4a238bfd2ba727c4cf5cdabc334c4059c6860c9e4ae36	ENGLISH	0x00000111	0x000001C3	11	44fa8abca94a7be45b59f6f58c98c4111f7af5fac6e9bedfe569b3486c9cef11	Albany,1664	Albany	1664	奧爾巴尼（Albany，1664）	draft	殖民地預設名稱顯示草稿；罕見歷史地名待術語審查，原始名稱與年份只作來源，不是執行期鍵或畫面驗證
COLONY.TXT:@ENGLISH:12	Sid Meier's Colonization (1994).zip	8aa93f219a6166712933bc60e402fe78024df1de821605c3036e1ae14e619867	SMColoni/COLONIZE/COLONY.TXT	2996f8a9d53a7f7a93e4a238bfd2ba727c4cf5cdabc334c4059c6860c9e4ae36	ENGLISH	0x00000111	0x000001D0	15	88f9ebfce66105131dc45dc212efc64e2200aa571666b2ab49c16dc117dcdce7	New Jersey,1666	New Jersey	1666	新澤西（New Jersey，1666）	draft	殖民地預設名稱顯示草稿；罕見歷史地名待術語審查，原始名稱與年份只作來源，不是執行期鍵或畫面驗證
COLONY.TXT:@ENGLISH:13	Sid Meier's Colonization (1994).zip	8aa93f219a6166712933bc60e402fe78024df1de821605c3036e1ae14e619867	SMColoni/COLONIZE/COLONY.TXT	2996f8a9d53a7f7a93e4a238bfd2ba727c4cf5cdabc334c4059c6860c9e4ae36	ENGLISH	0x00000111	0x000001E1	15	a2cc8f95884a3febf8f7ca71254baad415350f2938d3af4f2e42f49f27882ce0	Charleston,1670	Charleston	1670	查爾斯頓（Charleston，1670）	draft	殖民地預設名稱顯示草稿；罕見歷史地名待術語審查，原始名稱與年份只作來源，不是執行期鍵或畫面驗證
COLONY.TXT:@ENGLISH:14	Sid Meier's Colonization (1994).zip	8aa93f219a6166712933bc60e402fe78024df1de821605c3036e1ae14e619867	SMColoni/COLONIZE/COLONY.TXT	2996f8a9d53a7f7a93e4a238bfd2ba727c4cf5cdabc334c4059c6860c9e4ae36	ENGLISH	0x00000111	0x000001F2	17	0edcaea67c20f63b147de09f9292a44a6a3d20c9ae2b7904fa980a71d9a5f73f	Philadelphia,1682	Philadelphia	1682	費城（Philadelphia，1682）	draft	殖民地預設名稱顯示草稿；罕見歷史地名待術語審查，原始名稱與年份只作來源，不是執行期鍵或畫面驗證
COLONY.TXT:@ENGLISH:15	Sid Meier's Colonization (1994).zip	8aa93f219a6166712933bc60e402fe78024df1de821605c3036e1ae14e619867	SMColoni/COLONIZE/COLONY.TXT	2996f8a9d53a7f7a93e4a238bfd2ba727c4cf5cdabc334c4059c6860c9e4ae36	ENGLISH	0x00000111	0x00000205	7	887b25d10c73dad3242aba5cb81d4e286f635a12fd989f9654ab1521ec1e2a9f	Newport	Newport		紐波特（Newport）	draft	殖民地預設名稱顯示草稿；罕見歷史地名待術語審查，原始名稱與年份只作來源，不是執行期鍵或畫面驗證
COLONY.TXT:@ENGLISH:16	Sid Meier's Colonization (1994).zip	8aa93f219a6166712933bc60e402fe78024df1de821605c3036e1ae14e619867	SMColoni/COLONIZE/COLONY.TXT	2996f8a9d53a7f7a93e4a238bfd2ba727c4cf5cdabc334c4059c6860c9e4ae36	ENGLISH	0x00000111	0x0000020E	8	3691abbdb625931ed372a4182ce586721ca21ee84af84526e1beabc85ecaa8a0	Yorktown	Yorktown		約克鎮（Yorktown）	draft	殖民地預設名稱顯示草稿；罕見歷史地名待術語審查，原始名稱與年份只作來源，不是執行期鍵或畫面驗證
COLONY.TXT:@ENGLISH:17	Sid Meier's Colonization (1994).zip	8aa93f219a6166712933bc60e402fe78024df1de821605c3036e1ae14e619867	SMColoni/COLONIZE/COLONY.TXT	2996f8a9d53a7f7a93e4a238bfd2ba727c4cf5cdabc334c4059c6860c9e4ae36	ENGLISH	0x00000111	0x00000218	14	4d4a66f86c770f60b2c701b96b76ee68c3a3025c8f637979938d4eb0dc88a129	Annapolis,1708	Annapolis	1708	安納波利斯（Annapolis，1708）	draft	殖民地預設名稱顯示草稿；罕見歷史地名待術語審查，原始名稱與年份只作來源，不是執行期鍵或畫面驗證
COLONY.TXT:@ENGLISH:18	Sid Meier's Colonization (1994).zip	8aa93f219a6166712933bc60e402fe78024df1de821605c3036e1ae14e619867	SMColoni/COLONIZE/COLONY.TXT	2996f8a9d53a7f7a93e4a238bfd2ba727c4cf5cdabc334c4059c6860c9e4ae36	ENGLISH	0x00000111	0x00000228	12	62be30369a97f77689a8c0e8493356f8cc5b6bd5d44e4bd7761790b6414cd1d3	Halifax,1710	Halifax	1710	哈利法克斯（Halifax，1710）	draft	殖民地預設名稱顯示草稿；罕見歷史地名待術語審查，原始名稱與年份只作來源，不是執行期鍵或畫面驗證
COLONY.TXT:@ENGLISH:19	Sid Meier's Colonization (1994).zip	8aa93f219a6166712933bc60e402fe78024df1de821605c3036e1ae14e619867	SMColoni/COLONIZE/COLONY.TXT	2996f8a9d53a7f7a93e4a238bfd2ba727c4cf5cdabc334c4059c6860c9e4ae36	ENGLISH	0x00000111	0x00000236	9	0ad29e34108155e5fa4ac4415004e906425587a3a46d2833dfbb6790d670211f	Lexington	Lexington		列星頓（Lexington）	draft	殖民地預設名稱顯示草稿；罕見歷史地名待術語審查，原始名稱與年份只作來源，不是執行期鍵或畫面驗證
COLONY.TXT:@ENGLISH:20	Sid Meier's Colonization (1994).zip	8aa93f219a6166712933bc60e402fe78024df1de821605c3036e1ae14e619867	SMColoni/COLONIZE/COLONY.TXT	2996f8a9d53a7f7a93e4a238bfd2ba727c4cf5cdabc334c4059c6860c9e4ae36	ENGLISH	0x00000111	0x00000241	8	f7906b794aedf798cd6c13fcd2791984c835fa8ea7d1c3479a5754065a77f039	Savannah	Savannah		薩凡納（Savannah）	draft	殖民地預設名稱顯示草稿；罕見歷史地名待術語審查，原始名稱與年份只作來源，不是執行期鍵或畫面驗證
COLONY.TXT:@ENGLISH:21	Sid Meier's Colonization (1994).zip	8aa93f219a6166712933bc60e402fe78024df1de821605c3036e1ae14e619867	SMColoni/COLONIZE/COLONY.TXT	2996f8a9d53a7f7a93e4a238bfd2ba727c4cf5cdabc334c4059c6860c9e4ae36	ENGLISH	0x00000111	0x0000024B	12	7adf1edd58e9df35d9bc8e5ab38d09613e4730b9d3adac65caecd1843f4f1e7f	Williamsburg	Williamsburg		威廉斯堡（Williamsburg）	draft	殖民地預設名稱顯示草稿；罕見歷史地名待術語審查，原始名稱與年份只作來源，不是執行期鍵或畫面驗證
COLONY.TXT:@ENGLISH:22	Sid Meier's Colonization (1994).zip	8aa93f219a6166712933bc60e402fe78024df1de821605c3036e1ae14e619867	SMColoni/COLONIZE/COLONY.TXT	2996f8a9d53a7f7a93e4a238bfd2ba727c4cf5cdabc334c4059c6860c9e4ae36	ENGLISH	0x00000111	0x00000259	10	de8580b579f934f5a940ccb3f9b184e31711e2a4fa80bfc6b876bbe61e29fd47	St. John's	St. John's		聖約翰（St. John's）	draft	殖民地預設名稱顯示草稿；罕見歷史地名待術語審查，原始名稱與年份只作來源，不是執行期鍵或畫面驗證
COLONY.TXT:@ENGLISH:23	Sid Meier's Colonization (1994).zip	8aa93f219a6166712933bc60e402fe78024df1de821605c3036e1ae14e619867	SMColoni/COLONIZE/COLONY.TXT	2996f8a9d53a7f7a93e4a238bfd2ba727c4cf5cdabc334c4059c6860c9e4ae36	ENGLISH	0x00000111	0x00000265	7	9b3c6d54d564fd43e89fd1e6ce192f812ffd04409df7174f86a14d083b12bf4e	Norfolk	Norfolk		諾福克（Norfolk）	draft	殖民地預設名稱顯示草稿；罕見歷史地名待術語審查，原始名稱與年份只作來源，不是執行期鍵或畫面驗證
COLONY.TXT:@ENGLISH:24	Sid Meier's Colonization (1994).zip	8aa93f219a6166712933bc60e402fe78024df1de821605c3036e1ae14e619867	SMColoni/COLONIZE/COLONY.TXT	2996f8a9d53a7f7a93e4a238bfd2ba727c4cf5cdabc334c4059c6860c9e4ae36	ENGLISH	0x00000111	0x0000026E	7	21e60acfb20fca2e38c5e51191d44235949de045912dca77e978333c1ec965a2	Concord	Concord		康科德（Concord）	draft	殖民地預設名稱顯示草稿；罕見歷史地名待術語審查，原始名稱與年份只作來源，不是執行期鍵或畫面驗證
COLONY.TXT:@ENGLISH:25	Sid Meier's Colonization (1994).zip	8aa93f219a6166712933bc60e402fe78024df1de821605c3036e1ae14e619867	SMColoni/COLONIZE/COLONY.TXT	2996f8a9d53a7f7a93e4a238bfd2ba727c4cf5cdabc334c4059c6860c9e4ae36	ENGLISH	0x00000111	0x00000277	10	b72b884010c15f267c098abed4ca4751e6e6c68d3177b24759ef2a50e6e880ec	Wilmington	Wilmington		威明頓（Wilmington）	draft	殖民地預設名稱顯示草稿；罕見歷史地名待術語審查，原始名稱與年份只作來源，不是執行期鍵或畫面驗證
COLONY.TXT:@ENGLISH:26	Sid Meier's Colonization (1994).zip	8aa93f219a6166712933bc60e402fe78024df1de821605c3036e1ae14e619867	SMColoni/COLONIZE/COLONY.TXT	2996f8a9d53a7f7a93e4a238bfd2ba727c4cf5cdabc334c4059c6860c9e4ae36	ENGLISH	0x00000111	0x00000283	8	128b2a6b11a74eccb7420fde403c9f9282ce774d040c282bb54725b7cbcd543b	Richmond	Richmond		里士滿（Richmond）	draft	殖民地預設名稱顯示草稿；罕見歷史地名待術語審查，原始名稱與年份只作來源，不是執行期鍵或畫面驗證
COLONY.TXT:@ENGLISH:27	Sid Meier's Colonization (1994).zip	8aa93f219a6166712933bc60e402fe78024df1de821605c3036e1ae14e619867	SMColoni/COLONIZE/COLONY.TXT	2996f8a9d53a7f7a93e4a238bfd2ba727c4cf5cdabc334c4059c6860c9e4ae36	ENGLISH	0x00000111	0x0000028D	10	71b89d8b802ddcc0120ec5352d9c0fe5bde35a3aff101b3536d600218983dfbe	Portsmouth	Portsmouth		樸次茅斯（Portsmouth）	draft	殖民地預設名稱顯示草稿；罕見歷史地名待術語審查，原始名稱與年份只作來源，不是執行期鍵或畫面驗證
COLONY.TXT:@ENGLISH:28	Sid Meier's Colonization (1994).zip	8aa93f219a6166712933bc60e402fe78024df1de821605c3036e1ae14e619867	SMColoni/COLONIZE/COLONY.TXT	2996f8a9d53a7f7a93e4a238bfd2ba727c4cf5cdabc334c4059c6860c9e4ae36	ENGLISH	0x00000111	0x00000299	6	a9917561a0ff24d3606395e0b782a32d9fff9260dcc705d4da38a06ec0fca9bb	Camden	Camden		卡姆登（Camden）	draft	殖民地預設名稱顯示草稿；罕見歷史地名待術語審查，原始名稱與年份只作來源，不是執行期鍵或畫面驗證
COLONY.TXT:@ENGLISH:29	Sid Meier's Colonization (1994).zip	8aa93f219a6166712933bc60e402fe78024df1de821605c3036e1ae14e619867	SMColoni/COLONIZE/COLONY.TXT	2996f8a9d53a7f7a93e4a238bfd2ba727c4cf5cdabc334c4059c6860c9e4ae36	ENGLISH	0x00000111	0x000002A1	11	f93f27a29754d37e9a3e749c0c25f0978ce0a4676c3f1769fc4d6a5e8bd8058b	Springfield	Springfield		斯普林菲爾德（Springfield）	draft	殖民地預設名稱顯示草稿；罕見歷史地名待術語審查，原始名稱與年份只作來源，不是執行期鍵或畫面驗證
COLONY.TXT:@ENGLISH:30	Sid Meier's Colonization (1994).zip	8aa93f219a6166712933bc60e402fe78024df1de821605c3036e1ae14e619867	SMColoni/COLONIZE/COLONY.TXT	2996f8a9d53a7f7a93e4a238bfd2ba727c4cf5cdabc334c4059c6860c9e4ae36	ENGLISH	0x00000111	0x000002AE	12	e8993b60bd72a9c8de23a917c99bfc6ba438dede2fcd8d4847b31ba152ae4dae	Newport News	Newport News		紐波特紐斯（Newport News）	draft	殖民地預設名稱顯示草稿；罕見歷史地名待術語審查，原始名稱與年份只作來源，不是執行期鍵或畫面驗證
COLONY.TXT:@ENGLISH:31	Sid Meier's Colonization (1994).zip	8aa93f219a6166712933bc60e402fe78024df1de821605c3036e1ae14e619867	SMColoni/COLONIZE/COLONY.TXT	2996f8a9d53a7f7a93e4a238bfd2ba727c4cf5cdabc334c4059c6860c9e4ae36	ENGLISH	0x00000111	0x000002BC	7	26c914cb94d476cf5c57a733b93f5ebf046ca887c1083956954c8a6b520452df	Antigua	Antigua		安地卡（Antigua）	draft	殖民地預設名稱顯示草稿；罕見歷史地名待術語審查，原始名稱與年份只作來源，不是執行期鍵或畫面驗證
COLONY.TXT:@ENGLISH:32	Sid Meier's Colonization (1994).zip	8aa93f219a6166712933bc60e402fe78024df1de821605c3036e1ae14e619867	SMColoni/COLONIZE/COLONY.TXT	2996f8a9d53a7f7a93e4a238bfd2ba727c4cf5cdabc334c4059c6860c9e4ae36	ENGLISH	0x00000111	0x000002C5	17	7fb83dd92c88f55deef096b06ab3f96b6f205bce23ffbdbb63c98e875248471d	Rupert House,1668	Rupert House	1668	魯珀特堡（Rupert House，1668）	draft	殖民地預設名稱顯示草稿；罕見歷史地名待術語審查，原始名稱與年份只作來源，不是執行期鍵或畫面驗證
COLONY.TXT:@ENGLISH:33	Sid Meier's Colonization (1994).zip	8aa93f219a6166712933bc60e402fe78024df1de821605c3036e1ae14e619867	SMColoni/COLONIZE/COLONY.TXT	2996f8a9d53a7f7a93e4a238bfd2ba727c4cf5cdabc334c4059c6860c9e4ae36	ENGLISH	0x00000111	0x000002D8	8	5a439488e3706747281f0fdbe7c59b14cadec37a58337a5951bd84b3edce16fc	Kingston	Kingston		金斯頓（Kingston）	draft	殖民地預設名稱顯示草稿；罕見歷史地名待術語審查，原始名稱與年份只作來源，不是執行期鍵或畫面驗證
COLONY.TXT:@ENGLISH:34	Sid Meier's Colonization (1994).zip	8aa93f219a6166712933bc60e402fe78024df1de821605c3036e1ae14e619867	SMColoni/COLONIZE/COLONY.TXT	2996f8a9d53a7f7a93e4a238bfd2ba727c4cf5cdabc334c4059c6860c9e4ae36	ENGLISH	0x00000111	0x000002E2	7	463816d07097e1a7cf27b86cf03082ee49f6ce2d87663cd27a24d7254a83e76a	Reading	Reading		雷丁（Reading）	draft	殖民地預設名稱顯示草稿；罕見歷史地名待術語審查，原始名稱與年份只作來源，不是執行期鍵或畫面驗證
COLONY.TXT:@ENGLISH:35	Sid Meier's Colonization (1994).zip	8aa93f219a6166712933bc60e402fe78024df1de821605c3036e1ae14e619867	SMColoni/COLONIZE/COLONY.TXT	2996f8a9d53a7f7a93e4a238bfd2ba727c4cf5cdabc334c4059c6860c9e4ae36	ENGLISH	0x00000111	0x000002EB	6	9c633c81c4f7d3a4c54f7ebf361d797ee344283567a80da2ab0fcd052dbea796	Ottawa	Ottawa		渥太華（Ottawa）	draft	殖民地預設名稱顯示草稿；罕見歷史地名待術語審查，原始名稱與年份只作來源，不是執行期鍵或畫面驗證
COLONY.TXT:@FRENCH:00	Sid Meier's Colonization (1994).zip	8aa93f219a6166712933bc60e402fe78024df1de821605c3036e1ae14e619867	SMColoni/COLONIZE/COLONY.TXT	2996f8a9d53a7f7a93e4a238bfd2ba727c4cf5cdabc334c4059c6860c9e4ae36	FRENCH	0x000002FC	0x00000305	6	5e3bd1afe2f175a1176013acb470898640d604a7a6291f9a2f959ff9ace02f32	Quebec	Quebec		魁北克（Quebec）	draft	殖民地預設名稱顯示草稿；罕見歷史地名待術語審查，原始名稱與年份只作來源，不是執行期鍵或畫面驗證
COLONY.TXT:@FRENCH:01	Sid Meier's Colonization (1994).zip	8aa93f219a6166712933bc60e402fe78024df1de821605c3036e1ae14e619867	SMColoni/COLONIZE/COLONY.TXT	2996f8a9d53a7f7a93e4a238bfd2ba727c4cf5cdabc334c4059c6860c9e4ae36	FRENCH	0x000002FC	0x0000030D	8	7d9c9858576380da1e81fa7d44ec3a00eb47c6516dc26747daefc6837e927e34	Montreal	Montreal		蒙特婁（Montreal）	draft	殖民地預設名稱顯示草稿；罕見歷史地名待術語審查，原始名稱與年份只作來源，不是執行期鍵或畫面驗證
COLONY.TXT:@FRENCH:02	Sid Meier's Colonization (1994).zip	8aa93f219a6166712933bc60e402fe78024df1de821605c3036e1ae14e619867	SMColoni/COLONIZE/COLONY.TXT	2996f8a9d53a7f7a93e4a238bfd2ba727c4cf5cdabc334c4059c6860c9e4ae36	FRENCH	0x000002FC	0x00000317	10	35c9de3c639a54f10c1aab63def0955284856650bc1c2a41b7c2d2285b3ee2b1	Guadeloupe	Guadeloupe		瓜德羅普（Guadeloupe）	draft	殖民地預設名稱顯示草稿；罕見歷史地名待術語審查，原始名稱與年份只作來源，不是執行期鍵或畫面驗證
COLONY.TXT:@FRENCH:03	Sid Meier's Colonization (1994).zip	8aa93f219a6166712933bc60e402fe78024df1de821605c3036e1ae14e619867	SMColoni/COLONIZE/COLONY.TXT	2996f8a9d53a7f7a93e4a238bfd2ba727c4cf5cdabc334c4059c6860c9e4ae36	FRENCH	0x000002FC	0x00000323	7	d49f6f93342ef8c5983178def9aeb08ed7bede09f8d3a9867f8382a93e797c89	Cayenne	Cayenne		卡宴（Cayenne）	draft	殖民地預設名稱顯示草稿；罕見歷史地名待術語審查，原始名稱與年份只作來源，不是執行期鍵或畫面驗證
COLONY.TXT:@FRENCH:04	Sid Meier's Colonization (1994).zip	8aa93f219a6166712933bc60e402fe78024df1de821605c3036e1ae14e619867	SMColoni/COLONIZE/COLONY.TXT	2996f8a9d53a7f7a93e4a238bfd2ba727c4cf5cdabc334c4059c6860c9e4ae36	FRENCH	0x000002FC	0x0000032C	9	03c6bd10de0d007af3a772efe2fbeae36bc05cf34872e625d102c0881d43a664	St. Louis	St. Louis		聖路易（St. Louis）	draft	殖民地預設名稱顯示草稿；罕見歷史地名待術語審查，原始名稱與年份只作來源，不是執行期鍵或畫面驗證
COLONY.TXT:@FRENCH:05	Sid Meier's Colonization (1994).zip	8aa93f219a6166712933bc60e402fe78024df1de821605c3036e1ae14e619867	SMColoni/COLONIZE/COLONY.TXT	2996f8a9d53a7f7a93e4a238bfd2ba727c4cf5cdabc334c4059c6860c9e4ae36	FRENCH	0x000002FC	0x00000337	10	c65906dc7ccb24967cbcccc98473c90f6d7ba5a0ccc305e033dd2f1e228f5502	Martinique	Martinique		馬丁尼克（Martinique）	draft	殖民地預設名稱顯示草稿；罕見歷史地名待術語審查，原始名稱與年份只作來源，不是執行期鍵或畫面驗證
COLONY.TXT:@FRENCH:06	Sid Meier's Colonization (1994).zip	8aa93f219a6166712933bc60e402fe78024df1de821605c3036e1ae14e619867	SMColoni/COLONIZE/COLONY.TXT	2996f8a9d53a7f7a93e4a238bfd2ba727c4cf5cdabc334c4059c6860c9e4ae36	FRENCH	0x000002FC	0x00000343	10	5cf1cbefdf8839344b5b0f24bfe07bd4cafcc7fc928cf7abea41607818eb49ac	Port Royal	Port Royal		皇家港（Port Royal）	draft	殖民地預設名稱顯示草稿；罕見歷史地名待術語審查，原始名稱與年份只作來源，不是執行期鍵或畫面驗證
COLONY.TXT:@FRENCH:07	Sid Meier's Colonization (1994).zip	8aa93f219a6166712933bc60e402fe78024df1de821605c3036e1ae14e619867	SMColoni/COLONIZE/COLONY.TXT	2996f8a9d53a7f7a93e4a238bfd2ba727c4cf5cdabc334c4059c6860c9e4ae36	FRENCH	0x000002FC	0x0000034F	14	6b212b64fffbbea4faf27adab5f6bae787788cb3a66c52913d3be0ed3e0afc0e	Port au Prince	Port au Prince		太子港（Port au Prince）	draft	殖民地預設名稱顯示草稿；罕見歷史地名待術語審查，原始名稱與年份只作來源，不是執行期鍵或畫面驗證
COLONY.TXT:@FRENCH:08	Sid Meier's Colonization (1994).zip	8aa93f219a6166712933bc60e402fe78024df1de821605c3036e1ae14e619867	SMColoni/COLONIZE/COLONY.TXT	2996f8a9d53a7f7a93e4a238bfd2ba727c4cf5cdabc334c4059c6860c9e4ae36	FRENCH	0x000002FC	0x0000035F	14	b9d3f3b27082dde231f296bacd8f624cbaa75a3d6e9253641fe740041bbcba34	Trois Rivieres	Trois Rivieres		三河市（Trois Rivieres）	draft	殖民地預設名稱顯示草稿；罕見歷史地名待術語審查，原始名稱與年份只作來源，不是執行期鍵或畫面驗證
COLONY.TXT:@FRENCH:09	Sid Meier's Colonization (1994).zip	8aa93f219a6166712933bc60e402fe78024df1de821605c3036e1ae14e619867	SMColoni/COLONIZE/COLONY.TXT	2996f8a9d53a7f7a93e4a238bfd2ba727c4cf5cdabc334c4059c6860c9e4ae36	FRENCH	0x000002FC	0x0000036F	11	1be71e6a8923b2e5c2f0e023fc8d815041d62a0821077b13703e25e43d9d8120	New Orleans	New Orleans		紐奧良（New Orleans）	draft	殖民地預設名稱顯示草稿；罕見歷史地名待術語審查，原始名稱與年份只作來源，不是執行期鍵或畫面驗證
COLONY.TXT:@FRENCH:10	Sid Meier's Colonization (1994).zip	8aa93f219a6166712933bc60e402fe78024df1de821605c3036e1ae14e619867	SMColoni/COLONIZE/COLONY.TXT	2996f8a9d53a7f7a93e4a238bfd2ba727c4cf5cdabc334c4059c6860c9e4ae36	FRENCH	0x000002FC	0x0000037C	13	7990656496dbd8fb7601edacc231922b15eaab6121214cf0c29be5b49dc3ec9a	Fort Caroline	Fort Caroline		卡羅琳堡（Fort Caroline）	draft	殖民地預設名稱顯示草稿；罕見歷史地名待術語審查，原始名稱與年份只作來源，不是執行期鍵或畫面驗證
COLONY.TXT:@FRENCH:11	Sid Meier's Colonization (1994).zip	8aa93f219a6166712933bc60e402fe78024df1de821605c3036e1ae14e619867	SMColoni/COLONIZE/COLONY.TXT	2996f8a9d53a7f7a93e4a238bfd2ba727c4cf5cdabc334c4059c6860c9e4ae36	FRENCH	0x000002FC	0x0000038B	12	58967da36ba20788952b134c47957bc6df7825902b53c89325a76c35f7092ae3	Fort Detroit	Fort Detroit		底特律堡（Fort Detroit）	draft	殖民地預設名稱顯示草稿；罕見歷史地名待術語審查，原始名稱與年份只作來源，不是執行期鍵或畫面驗證
COLONY.TXT:@FRENCH:12	Sid Meier's Colonization (1994).zip	8aa93f219a6166712933bc60e402fe78024df1de821605c3036e1ae14e619867	SMColoni/COLONIZE/COLONY.TXT	2996f8a9d53a7f7a93e4a238bfd2ba727c4cf5cdabc334c4059c6860c9e4ae36	FRENCH	0x000002FC	0x00000399	14	b9e80089459b9a2d91be6b989385903149c1b9a1f73583c8502ff4fdb3d819f9	Fort Frontenac	Fort Frontenac		弗龍特納克堡（Fort Frontenac）	draft	殖民地預設名稱顯示草稿；罕見歷史地名待術語審查，原始名稱與年份只作來源，不是執行期鍵或畫面驗證
COLONY.TXT:@FRENCH:13	Sid Meier's Colonization (1994).zip	8aa93f219a6166712933bc60e402fe78024df1de821605c3036e1ae14e619867	SMColoni/COLONIZE/COLONY.TXT	2996f8a9d53a7f7a93e4a238bfd2ba727c4cf5cdabc334c4059c6860c9e4ae36	FRENCH	0x000002FC	0x000003A9	17	bff3f51d8de96fbf333c302cd087e4d47e6d96a3be87adbabb93f6487ddb4e08	Fort Pontchartain	Fort Pontchartain		龐沙特蘭堡（Fort Pontchartain）	draft	殖民地預設名稱顯示草稿；罕見歷史地名待術語審查，原始名稱與年份只作來源，不是執行期鍵或畫面驗證
COLONY.TXT:@FRENCH:14	Sid Meier's Colonization (1994).zip	8aa93f219a6166712933bc60e402fe78024df1de821605c3036e1ae14e619867	SMColoni/COLONIZE/COLONY.TXT	2996f8a9d53a7f7a93e4a238bfd2ba727c4cf5cdabc334c4059c6860c9e4ae36	FRENCH	0x000002FC	0x000003BC	14	8a1a837cb9cb766561edc92439971f983de64928914aaaf1005047580d639681	Fort Tadoussac	Fort Tadoussac		塔杜薩克堡（Fort Tadoussac）	draft	殖民地預設名稱顯示草稿；罕見歷史地名待術語審查，原始名稱與年份只作來源，不是執行期鍵或畫面驗證
COLONY.TXT:@FRENCH:15	Sid Meier's Colonization (1994).zip	8aa93f219a6166712933bc60e402fe78024df1de821605c3036e1ae14e619867	SMColoni/COLONIZE/COLONY.TXT	2996f8a9d53a7f7a93e4a238bfd2ba727c4cf5cdabc334c4059c6860c9e4ae36	FRENCH	0x000002FC	0x000003CC	11	bb51b65218d6453b5a3f639caae877fe3c636bd42e0d6a541992a9cfcb2d921d	Fort Canada	Fort Canada		加拿大堡（Fort Canada）	draft	殖民地預設名稱顯示草稿；罕見歷史地名待術語審查，原始名稱與年份只作來源，不是執行期鍵或畫面驗證
COLONY.TXT:@FRENCH:16	Sid Meier's Colonization (1994).zip	8aa93f219a6166712933bc60e402fe78024df1de821605c3036e1ae14e619867	SMColoni/COLONIZE/COLONY.TXT	2996f8a9d53a7f7a93e4a238bfd2ba727c4cf5cdabc334c4059c6860c9e4ae36	FRENCH	0x000002FC	0x000003D9	12	91885eb118df6e4c0cf10704abc54d37db09d0da0cdb2158b920ca5235b52138	Fort Niagara	Fort Niagara		尼加拉堡（Fort Niagara）	draft	殖民地預設名稱顯示草稿；罕見歷史地名待術語審查，原始名稱與年份只作來源，不是執行期鍵或畫面驗證
COLONY.TXT:@FRENCH:17	Sid Meier's Colonization (1994).zip	8aa93f219a6166712933bc60e402fe78024df1de821605c3036e1ae14e619867	SMColoni/COLONIZE/COLONY.TXT	2996f8a9d53a7f7a93e4a238bfd2ba727c4cf5cdabc334c4059c6860c9e4ae36	FRENCH	0x000002FC	0x000003E7	15	309467125d3ef311dbd170ac66c544da414502bb131e23827b86bf9d55600edc	Fort Crevecoeur	Fort Crevecoeur		克雷沃克爾堡（Fort Crevecoeur）	draft	殖民地預設名稱顯示草稿；罕見歷史地名待術語審查，原始名稱與年份只作來源，不是執行期鍵或畫面驗證
COLONY.TXT:@FRENCH:18	Sid Meier's Colonization (1994).zip	8aa93f219a6166712933bc60e402fe78024df1de821605c3036e1ae14e619867	SMColoni/COLONIZE/COLONY.TXT	2996f8a9d53a7f7a93e4a238bfd2ba727c4cf5cdabc334c4059c6860c9e4ae36	FRENCH	0x000002FC	0x000003F8	13	747ce26eaf3023287a5ea8b02cd99ef65186bf95afd34c6f0e7667b813026c3c	Fort Roquelai	Fort Roquelai		羅克萊堡（Fort Roquelai）	draft	殖民地預設名稱顯示草稿；罕見歷史地名待術語審查，原始名稱與年份只作來源，不是執行期鍵或畫面驗證
COLONY.TXT:@FRENCH:19	Sid Meier's Colonization (1994).zip	8aa93f219a6166712933bc60e402fe78024df1de821605c3036e1ae14e619867	SMColoni/COLONIZE/COLONY.TXT	2996f8a9d53a7f7a93e4a238bfd2ba727c4cf5cdabc334c4059c6860c9e4ae36	FRENCH	0x000002FC	0x00000407	13	6105452a18efd3024ee6d61495bb59de158adfa6b6c033b246625941902be9f1	Fort Laguille	Fort Laguille		拉吉耶堡（Fort Laguille）	draft	殖民地預設名稱顯示草稿；罕見歷史地名待術語審查，原始名稱與年份只作來源，不是執行期鍵或畫面驗證
COLONY.TXT:@FRENCH:20	Sid Meier's Colonization (1994).zip	8aa93f219a6166712933bc60e402fe78024df1de821605c3036e1ae14e619867	SMColoni/COLONIZE/COLONY.TXT	2996f8a9d53a7f7a93e4a238bfd2ba727c4cf5cdabc334c4059c6860c9e4ae36	FRENCH	0x000002FC	0x00000416	10	55b5d0b3b2f3fb150fba3302d73e2c6f1bb8b7ed5430b878a890c258e8e2e43d	Fort Brest	Fort Brest		布雷斯特堡（Fort Brest）	draft	殖民地預設名稱顯示草稿；罕見歷史地名待術語審查，原始名稱與年份只作來源，不是執行期鍵或畫面驗證
COLONY.TXT:@FRENCH:21	Sid Meier's Colonization (1994).zip	8aa93f219a6166712933bc60e402fe78024df1de821605c3036e1ae14e619867	SMColoni/COLONIZE/COLONY.TXT	2996f8a9d53a7f7a93e4a238bfd2ba727c4cf5cdabc334c4059c6860c9e4ae36	FRENCH	0x000002FC	0x00000422	14	714fb066baaae321bffc61ae5492a9c52a76e982eec9682af432ac54eadd10f4	Fort Richelieu	Fort Richelieu		黎塞留堡（Fort Richelieu）	draft	殖民地預設名稱顯示草稿；罕見歷史地名待術語審查，原始名稱與年份只作來源，不是執行期鍵或畫面驗證
COLONY.TXT:@FRENCH:22	Sid Meier's Colonization (1994).zip	8aa93f219a6166712933bc60e402fe78024df1de821605c3036e1ae14e619867	SMColoni/COLONIZE/COLONY.TXT	2996f8a9d53a7f7a93e4a238bfd2ba727c4cf5cdabc334c4059c6860c9e4ae36	FRENCH	0x000002FC	0x00000432	10	357ebd240003bed9dbee9dbf74e5996273c7afd793a26483c77ca16de5e08606	Fort Louis	Fort Louis		路易堡（Fort Louis）	draft	殖民地預設名稱顯示草稿；罕見歷史地名待術語審查，原始名稱與年份只作來源，不是執行期鍵或畫面驗證
COLONY.TXT:@FRENCH:23	Sid Meier's Colonization (1994).zip	8aa93f219a6166712933bc60e402fe78024df1de821605c3036e1ae14e619867	SMColoni/COLONIZE/COLONY.TXT	2996f8a9d53a7f7a93e4a238bfd2ba727c4cf5cdabc334c4059c6860c9e4ae36	FRENCH	0x000002FC	0x0000043E	13	fdb2b932bf55f36f3d92e5fd7a37f60e0d1f47ca493455f1dada67f45dc3e4af	Fort Prudhome	Fort Prudhome		普呂多姆堡（Fort Prudhome）	draft	殖民地預設名稱顯示草稿；罕見歷史地名待術語審查，原始名稱與年份只作來源，不是執行期鍵或畫面驗證
COLONY.TXT:@FRENCH:24	Sid Meier's Colonization (1994).zip	8aa93f219a6166712933bc60e402fe78024df1de821605c3036e1ae14e619867	SMColoni/COLONIZE/COLONY.TXT	2996f8a9d53a7f7a93e4a238bfd2ba727c4cf5cdabc334c4059c6860c9e4ae36	FRENCH	0x000002FC	0x0000044D	14	11cdb2937fbf6d8162be762947f39865c30a1fc397528e050b406f861e2e0f2e	Fort Sandouski	Fort Sandouski		桑杜斯基堡（Fort Sandouski）	draft	殖民地預設名稱顯示草稿；罕見歷史地名待術語審查，原始名稱與年份只作來源，不是執行期鍵或畫面驗證
COLONY.TXT:@FRENCH:25	Sid Meier's Colonization (1994).zip	8aa93f219a6166712933bc60e402fe78024df1de821605c3036e1ae14e619867	SMColoni/COLONIZE/COLONY.TXT	2996f8a9d53a7f7a93e4a238bfd2ba727c4cf5cdabc334c4059c6860c9e4ae36	FRENCH	0x000002FC	0x0000045D	14	1f8fa79b3fbe9995474878c66509e091fda4e79591fa6aeb21ff7899f723d014	Fort du Quesne	Fort du Quesne		迪凱納堡（Fort du Quesne）	draft	殖民地預設名稱顯示草稿；罕見歷史地名待術語審查，原始名稱與年份只作來源，不是執行期鍵或畫面驗證
COLONY.TXT:@FRENCH:26	Sid Meier's Colonization (1994).zip	8aa93f219a6166712933bc60e402fe78024df1de821605c3036e1ae14e619867	SMColoni/COLONIZE/COLONY.TXT	2996f8a9d53a7f7a93e4a238bfd2ba727c4cf5cdabc334c4059c6860c9e4ae36	FRENCH	0x000002FC	0x0000046D	9	33f777b7732f5048d2696011716852e70ee04336895bbcd0f583cdb869a6bae6	Fort Erie	Fort Erie		伊利堡（Fort Erie）	draft	殖民地預設名稱顯示草稿；罕見歷史地名待術語審查，原始名稱與年份只作來源，不是執行期鍵或畫面驗證
COLONY.TXT:@FRENCH:27	Sid Meier's Colonization (1994).zip	8aa93f219a6166712933bc60e402fe78024df1de821605c3036e1ae14e619867	SMColoni/COLONIZE/COLONY.TXT	2996f8a9d53a7f7a93e4a238bfd2ba727c4cf5cdabc334c4059c6860c9e4ae36	FRENCH	0x000002FC	0x00000478	13	372c265cb1dba98216664995110a68635da89fff72c7fdd5707d194f5cdeb968	Fort Maurepas	Fort Maurepas		莫爾帕堡（Fort Maurepas）	draft	殖民地預設名稱顯示草稿；罕見歷史地名待術語審查，原始名稱與年份只作來源，不是執行期鍵或畫面驗證
COLONY.TXT:@FRENCH:28	Sid Meier's Colonization (1994).zip	8aa93f219a6166712933bc60e402fe78024df1de821605c3036e1ae14e619867	SMColoni/COLONIZE/COLONY.TXT	2996f8a9d53a7f7a93e4a238bfd2ba727c4cf5cdabc334c4059c6860c9e4ae36	FRENCH	0x000002FC	0x00000487	20	d240b789cf99eb203575ed55baa0ddabfd1d0568df19655f73d39165b34830e3	Fort Francois Xavier	Fort Francois Xavier		法蘭西斯澤維爾堡（Fort Francois Xavier）	draft	殖民地預設名稱顯示草稿；罕見歷史地名待術語審查，原始名稱與年份只作來源，不是執行期鍵或畫面驗證
COLONY.TXT:@FRENCH:29	Sid Meier's Colonization (1994).zip	8aa93f219a6166712933bc60e402fe78024df1de821605c3036e1ae14e619867	SMColoni/COLONIZE/COLONY.TXT	2996f8a9d53a7f7a93e4a238bfd2ba727c4cf5cdabc334c4059c6860c9e4ae36	FRENCH	0x000002FC	0x0000049D	15	443cb1fe1f6615b3d4dd3b197708f91c7321a0505a9a56e32d857476a6af7276	Fort St. Michel	Fort St. Michel		聖米歇爾堡（Fort St. Michel）	draft	殖民地預設名稱顯示草稿；罕見歷史地名待術語審查，原始名稱與年份只作來源，不是執行期鍵或畫面驗證
COLONY.TXT:@FRENCH:30	Sid Meier's Colonization (1994).zip	8aa93f219a6166712933bc60e402fe78024df1de821605c3036e1ae14e619867	SMColoni/COLONIZE/COLONY.TXT	2996f8a9d53a7f7a93e4a238bfd2ba727c4cf5cdabc334c4059c6860c9e4ae36	FRENCH	0x000002FC	0x000004AE	12	e56b2063ea40706358ed2d085b63d7fddcc96e7721cf5dd2194f372f01433de3	Fort Chicago	Fort Chicago		芝加哥堡（Fort Chicago）	draft	殖民地預設名稱顯示草稿；罕見歷史地名待術語審查，原始名稱與年份只作來源，不是執行期鍵或畫面驗證
COLONY.TXT:@FRENCH:31	Sid Meier's Colonization (1994).zip	8aa93f219a6166712933bc60e402fe78024df1de821605c3036e1ae14e619867	SMColoni/COLONIZE/COLONY.TXT	2996f8a9d53a7f7a93e4a238bfd2ba727c4cf5cdabc334c4059c6860c9e4ae36	FRENCH	0x000002FC	0x000004BC	14	054a9122f957c94e950032de5358813009c51f87c9a00afb5a45188052f631db	Fort-de-France	Fort-de-France		法蘭西堡（Fort-de-France）	draft	殖民地預設名稱顯示草稿；罕見歷史地名待術語審查，原始名稱與年份只作來源，不是執行期鍵或畫面驗證
COLONY.TXT:@FRENCH:32	Sid Meier's Colonization (1994).zip	8aa93f219a6166712933bc60e402fe78024df1de821605c3036e1ae14e619867	SMColoni/COLONIZE/COLONY.TXT	2996f8a9d53a7f7a93e4a238bfd2ba727c4cf5cdabc334c4059c6860c9e4ae36	FRENCH	0x000002FC	0x000004CC	12	38a95593f13762520d2d84d0004f5fa466e8721e513ba04a4c7d8fb8be6c61e8	Fort Frances	Fort Frances		弗朗西斯堡（Fort Frances）	draft	殖民地預設名稱顯示草稿；罕見歷史地名待術語審查，原始名稱與年份只作來源，不是執行期鍵或畫面驗證
COLONY.TXT:@FRENCH:33	Sid Meier's Colonization (1994).zip	8aa93f219a6166712933bc60e402fe78024df1de821605c3036e1ae14e619867	SMColoni/COLONIZE/COLONY.TXT	2996f8a9d53a7f7a93e4a238bfd2ba727c4cf5cdabc334c4059c6860c9e4ae36	FRENCH	0x000002FC	0x000004DA	15	29157ff46080b45ffca98c614e450827bf07c2c9b7b80b26626b4b452f9f7a3a	Fort St. Joseph	Fort St. Joseph		聖約瑟夫堡（Fort St. Joseph）	draft	殖民地預設名稱顯示草稿；罕見歷史地名待術語審查，原始名稱與年份只作來源，不是執行期鍵或畫面驗證
COLONY.TXT:@FRENCH:34	Sid Meier's Colonization (1994).zip	8aa93f219a6166712933bc60e402fe78024df1de821605c3036e1ae14e619867	SMColoni/COLONIZE/COLONY.TXT	2996f8a9d53a7f7a93e4a238bfd2ba727c4cf5cdabc334c4059c6860c9e4ae36	FRENCH	0x000002FC	0x000004EB	12	7d996509c17527c80e1d7dc3070f49e93c65e04264a3c0014bce92fa1ddf6d24	Fort Miannis	Fort Miannis		米安尼斯堡（Fort Miannis）	draft	殖民地預設名稱顯示草稿；罕見歷史地名待術語審查，原始名稱與年份只作來源，不是執行期鍵或畫面驗證
COLONY.TXT:@FRENCH:35	Sid Meier's Colonization (1994).zip	8aa93f219a6166712933bc60e402fe78024df1de821605c3036e1ae14e619867	SMColoni/COLONIZE/COLONY.TXT	2996f8a9d53a7f7a93e4a238bfd2ba727c4cf5cdabc334c4059c6860c9e4ae36	FRENCH	0x000002FC	0x000004F9	12	37d869dc1cdfe13852cb034ee0cb7f64d239b3eeadd773345abf52262a8621e0	Fort Orleans	Fort Orleans		奧爾良堡（Fort Orleans）	draft	殖民地預設名稱顯示草稿；罕見歷史地名待術語審查，原始名稱與年份只作來源，不是執行期鍵或畫面驗證
COLONY.TXT:@FRENCH:36	Sid Meier's Colonization (1994).zip	8aa93f219a6166712933bc60e402fe78024df1de821605c3036e1ae14e619867	SMColoni/COLONIZE/COLONY.TXT	2996f8a9d53a7f7a93e4a238bfd2ba727c4cf5cdabc334c4059c6860c9e4ae36	FRENCH	0x000002FC	0x00000507	15	2a3f66822540687b6b3d8e4da7f6e426ca0d9daedc4edbae4a0eee96e8c81dac	Fort St. Ignace	Fort St. Ignace		聖伊尼亞斯堡（Fort St. Ignace）	draft	殖民地預設名稱顯示草稿；罕見歷史地名待術語審查，原始名稱與年份只作來源，不是執行期鍵或畫面驗證
COLONY.TXT:@FRENCH:37	Sid Meier's Colonization (1994).zip	8aa93f219a6166712933bc60e402fe78024df1de821605c3036e1ae14e619867	SMColoni/COLONIZE/COLONY.TXT	2996f8a9d53a7f7a93e4a238bfd2ba727c4cf5cdabc334c4059c6860c9e4ae36	FRENCH	0x000002FC	0x00000518	14	102a8043a520d9a2590b37ee1c62f5873e7cf3af9b4ccb24520bc59b4339e1f1	Fort Le Rocher	Fort Le Rocher		勒羅謝堡（Fort Le Rocher）	draft	殖民地預設名稱顯示草稿；罕見歷史地名待術語審查，原始名稱與年份只作來源，不是執行期鍵或畫面驗證
COLONY.TXT:@FRENCH:38	Sid Meier's Colonization (1994).zip	8aa93f219a6166712933bc60e402fe78024df1de821605c3036e1ae14e619867	SMColoni/COLONIZE/COLONY.TXT	2996f8a9d53a7f7a93e4a238bfd2ba727c4cf5cdabc334c4059c6860c9e4ae36	FRENCH	0x000002FC	0x00000528	12	309eaac5211c126820f71be6a7be731ada958139970e3a2473a1b3bddae891ad	Fort Miyamis	Fort Miyamis		米亞米斯堡（Fort Miyamis）	draft	殖民地預設名稱顯示草稿；罕見歷史地名待術語審查，原始名稱與年份只作來源，不是執行期鍵或畫面驗證
COLONY.TXT:@FRENCH:39	Sid Meier's Colonization (1994).zip	8aa93f219a6166712933bc60e402fe78024df1de821605c3036e1ae14e619867	SMColoni/COLONIZE/COLONY.TXT	2996f8a9d53a7f7a93e4a238bfd2ba727c4cf5cdabc334c4059c6860c9e4ae36	FRENCH	0x000002FC	0x00000536	12	491ec79b0a8d287fd1227a168ba9106623ea53bbd936b706576ed1cf8c208682	Fort Rosalie	Fort Rosalie		羅莎莉堡（Fort Rosalie）	draft	殖民地預設名稱顯示草稿；罕見歷史地名待術語審查，原始名稱與年份只作來源，不是執行期鍵或畫面驗證
COLONY.TXT:@FRENCH:40	Sid Meier's Colonization (1994).zip	8aa93f219a6166712933bc60e402fe78024df1de821605c3036e1ae14e619867	SMColoni/COLONIZE/COLONY.TXT	2996f8a9d53a7f7a93e4a238bfd2ba727c4cf5cdabc334c4059c6860c9e4ae36	FRENCH	0x000002FC	0x00000544	11	420ad43442358cfe4d3f65be28b9db0f6c29cb476f51087f95406f2c91e49f71	Fort Balise	Fort Balise		巴利斯堡（Fort Balise）	draft	殖民地預設名稱顯示草稿；罕見歷史地名待術語審查，原始名稱與年份只作來源，不是執行期鍵或畫面驗證
COLONY.TXT:@FRENCH:41	Sid Meier's Colonization (1994).zip	8aa93f219a6166712933bc60e402fe78024df1de821605c3036e1ae14e619867	SMColoni/COLONIZE/COLONY.TXT	2996f8a9d53a7f7a93e4a238bfd2ba727c4cf5cdabc334c4059c6860c9e4ae36	FRENCH	0x000002FC	0x00000551	10	f1d2bdf474d27ef029287d690bf747134c76b378923d4eba5db43b7bd9e0ad3c	Fort Conde	Fort Conde		孔代堡（Fort Conde）	draft	殖民地預設名稱顯示草稿；罕見歷史地名待術語審查，原始名稱與年份只作來源，不是執行期鍵或畫面驗證
COLONY.TXT:@FRENCH:42	Sid Meier's Colonization (1994).zip	8aa93f219a6166712933bc60e402fe78024df1de821605c3036e1ae14e619867	SMColoni/COLONIZE/COLONY.TXT	2996f8a9d53a7f7a93e4a238bfd2ba727c4cf5cdabc334c4059c6860c9e4ae36	FRENCH	0x000002FC	0x0000055D	14	22355bb885353fa2f4166dd150d27c40041929095a415b17a7ed8b1be56bd93f	Fort Pensacola	Fort Pensacola		彭薩科拉堡（Fort Pensacola）	draft	殖民地預設名稱顯示草稿；罕見歷史地名待術語審查，原始名稱與年份只作來源，不是執行期鍵或畫面驗證
COLONY.TXT:@FRENCH:43	Sid Meier's Colonization (1994).zip	8aa93f219a6166712933bc60e402fe78024df1de821605c3036e1ae14e619867	SMColoni/COLONIZE/COLONY.TXT	2996f8a9d53a7f7a93e4a238bfd2ba727c4cf5cdabc334c4059c6860c9e4ae36	FRENCH	0x000002FC	0x0000056D	13	3ebced337dfe94a88cdc32a498307ae9e639401dd111c159fc925d774c4e6b3c	Fort Toulouse	Fort Toulouse		土魯斯堡（Fort Toulouse）	draft	殖民地預設名稱顯示草稿；罕見歷史地名待術語審查，原始名稱與年份只作來源，不是執行期鍵或畫面驗證
COLONY.TXT:@FRENCH:44	Sid Meier's Colonization (1994).zip	8aa93f219a6166712933bc60e402fe78024df1de821605c3036e1ae14e619867	SMColoni/COLONIZE/COLONY.TXT	2996f8a9d53a7f7a93e4a238bfd2ba727c4cf5cdabc334c4059c6860c9e4ae36	FRENCH	0x000002FC	0x0000057C	13	ca10cf79e60bafecde3ffac9f02bcedc9c24043752dc2da4c6042d0a148747ea	Fort St. John	Fort St. John		聖約翰堡（Fort St. John）	draft	殖民地預設名稱顯示草稿；罕見歷史地名待術語審查，原始名稱與年份只作來源，不是執行期鍵或畫面驗證
COLONY.TXT:@FRENCH:45	Sid Meier's Colonization (1994).zip	8aa93f219a6166712933bc60e402fe78024df1de821605c3036e1ae14e619867	SMColoni/COLONIZE/COLONY.TXT	2996f8a9d53a7f7a93e4a238bfd2ba727c4cf5cdabc334c4059c6860c9e4ae36	FRENCH	0x000002FC	0x0000058B	10	e4c12b49dadea6502e79d52b88d1f9413c20c0e5685a4b826efa04baa3a062dc	Fort Kappa	Fort Kappa		卡帕堡（Fort Kappa）	draft	殖民地預設名稱顯示草稿；罕見歷史地名待術語審查，原始名稱與年份只作來源，不是執行期鍵或畫面驗證
COLONY.TXT:@FRENCH:46	Sid Meier's Colonization (1994).zip	8aa93f219a6166712933bc60e402fe78024df1de821605c3036e1ae14e619867	SMColoni/COLONIZE/COLONY.TXT	2996f8a9d53a7f7a93e4a238bfd2ba727c4cf5cdabc334c4059c6860c9e4ae36	FRENCH	0x000002FC	0x00000597	11	949b080d30bfaeeb2477e38053edd857c25053ce9afebb7734738affe348df74	Fort Biloxi	Fort Biloxi		比洛克西堡（Fort Biloxi）	draft	殖民地預設名稱顯示草稿；罕見歷史地名待術語審查，原始名稱與年份只作來源，不是執行期鍵或畫面驗證
COLONY.TXT:@FRENCH:47	Sid Meier's Colonization (1994).zip	8aa93f219a6166712933bc60e402fe78024df1de821605c3036e1ae14e619867	SMColoni/COLONIZE/COLONY.TXT	2996f8a9d53a7f7a93e4a238bfd2ba727c4cf5cdabc334c4059c6860c9e4ae36	FRENCH	0x000002FC	0x000005A4	11	e573b3b4b2136d956e56e19e147dd66e5b656f4a4b63621c2d59cffc30478b65	Fort Mobile	Fort Mobile		莫比爾堡（Fort Mobile）	draft	殖民地預設名稱顯示草稿；罕見歷史地名待術語審查，原始名稱與年份只作來源，不是執行期鍵或畫面驗證
COLONY.TXT:@FRENCH:48	Sid Meier's Colonization (1994).zip	8aa93f219a6166712933bc60e402fe78024df1de821605c3036e1ae14e619867	SMColoni/COLONIZE/COLONY.TXT	2996f8a9d53a7f7a93e4a238bfd2ba727c4cf5cdabc334c4059c6860c9e4ae36	FRENCH	0x000002FC	0x000005B1	16	263ff51debdbbc3d959bc469c32883dac8d1d98336dadcf907b5ce8d95567a62	Sault Ste. Marie	Sault Ste. Marie		聖瑪麗瀑布（Sault Ste. Marie）	draft	殖民地預設名稱顯示草稿；罕見歷史地名待術語審查，原始名稱與年份只作來源，不是執行期鍵或畫面驗證
COLONY.TXT:@FRENCH:49	Sid Meier's Colonization (1994).zip	8aa93f219a6166712933bc60e402fe78024df1de821605c3036e1ae14e619867	SMColoni/COLONIZE/COLONY.TXT	2996f8a9d53a7f7a93e4a238bfd2ba727c4cf5cdabc334c4059c6860c9e4ae36	FRENCH	0x000002FC	0x000005C3	11	c206b415a67b9a9b30ab77682a755929a669ccb1c14d9d47d243961fbc6b018d	Baton Rouge	Baton Rouge		巴吞魯日（Baton Rouge）	draft	殖民地預設名稱顯示草稿；罕見歷史地名待術語審查，原始名稱與年份只作來源，不是執行期鍵或畫面驗證
COLONY.TXT:@FRENCH:50	Sid Meier's Colonization (1994).zip	8aa93f219a6166712933bc60e402fe78024df1de821605c3036e1ae14e619867	SMColoni/COLONIZE/COLONY.TXT	2996f8a9d53a7f7a93e4a238bfd2ba727c4cf5cdabc334c4059c6860c9e4ae36	FRENCH	0x000002FC	0x000005D0	10	012c426b9287448b10da55df2c433801453ff800740cc2328fab6ab71b90df78	Denonville	Denonville		德農維爾（Denonville）	draft	殖民地預設名稱顯示草稿；罕見歷史地名待術語審查，原始名稱與年份只作來源，不是執行期鍵或畫面驗證
COLONY.TXT:@FRENCH:51	Sid Meier's Colonization (1994).zip	8aa93f219a6166712933bc60e402fe78024df1de821605c3036e1ae14e619867	SMColoni/COLONIZE/COLONY.TXT	2996f8a9d53a7f7a93e4a238bfd2ba727c4cf5cdabc334c4059c6860c9e4ae36	FRENCH	0x000002FC	0x000005DC	9	4d2c9c5efe55ce6fd0d0d98daabb4026b7a8d6886f232f6d2a7ba813a3633208	Gananoque	Gananoque		加納諾克（Gananoque）	draft	殖民地預設名稱顯示草稿；罕見歷史地名待術語審查，原始名稱與年份只作來源，不是執行期鍵或畫面驗證
COLONY.TXT:@FRENCH:52	Sid Meier's Colonization (1994).zip	8aa93f219a6166712933bc60e402fe78024df1de821605c3036e1ae14e619867	SMColoni/COLONIZE/COLONY.TXT	2996f8a9d53a7f7a93e4a238bfd2ba727c4cf5cdabc334c4059c6860c9e4ae36	FRENCH	0x000002FC	0x000005E7	9	71564122423747a082859771407a13fc5f24ca2272d0b55f4cc7b85dca632f71	St. Croix	St. Croix		聖克魯瓦（St. Croix）	draft	殖民地預設名稱顯示草稿；罕見歷史地名待術語審查，原始名稱與年份只作來源，不是執行期鍵或畫面驗證
COLONY.TXT:@FRENCH:53	Sid Meier's Colonization (1994).zip	8aa93f219a6166712933bc60e402fe78024df1de821605c3036e1ae14e619867	SMColoni/COLONIZE/COLONY.TXT	2996f8a9d53a7f7a93e4a238bfd2ba727c4cf5cdabc334c4059c6860c9e4ae36	FRENCH	0x000002FC	0x000005F2	12	82a3856ba178e3da1d3d198abb98a831c486dbddd1a2684a1bb9b40b37127788	Port Cartier	Port Cartier		卡蒂埃港（Port Cartier）	draft	殖民地預設名稱顯示草稿；罕見歷史地名待術語審查，原始名稱與年份只作來源，不是執行期鍵或畫面驗證
COLONY.TXT:@FRENCH:54	Sid Meier's Colonization (1994).zip	8aa93f219a6166712933bc60e402fe78024df1de821605c3036e1ae14e619867	SMColoni/COLONIZE/COLONY.TXT	2996f8a9d53a7f7a93e4a238bfd2ba727c4cf5cdabc334c4059c6860c9e4ae36	FRENCH	0x000002FC	0x00000600	11	61a13284bedc9192bad80a76cd0234ecb324c35532d71f9bd7bd4ced15f1ce98	Terre Haute	Terre Haute		泰爾霍特（Terre Haute）	draft	殖民地預設名稱顯示草稿；罕見歷史地名待術語審查，原始名稱與年份只作來源，不是執行期鍵或畫面驗證
COLONY.TXT:@FRENCH:55	Sid Meier's Colonization (1994).zip	8aa93f219a6166712933bc60e402fe78024df1de821605c3036e1ae14e619867	SMColoni/COLONIZE/COLONY.TXT	2996f8a9d53a7f7a93e4a238bfd2ba727c4cf5cdabc334c4059c6860c9e4ae36	FRENCH	0x000002FC	0x0000060D	14	ca528d95e3fdb74e0737c86a068c538e030534a8e8d461451d2e7326e4be751f	Trois Pistoles	Trois Pistoles		三手槍鎮（Trois Pistoles）	draft	殖民地預設名稱顯示草稿；罕見歷史地名待術語審查，原始名稱與年份只作來源，不是執行期鍵或畫面驗證
COLONY.TXT:@FRENCH:56	Sid Meier's Colonization (1994).zip	8aa93f219a6166712933bc60e402fe78024df1de821605c3036e1ae14e619867	SMColoni/COLONIZE/COLONY.TXT	2996f8a9d53a7f7a93e4a238bfd2ba727c4cf5cdabc334c4059c6860c9e4ae36	FRENCH	0x000002FC	0x0000061D	9	15a2e54e001b260ea20c94fdd74f6d7e909750178f7e79deb91bb4e1f5ec663d	Sept-Iles	Sept-Iles		七島（Sept-Iles）	draft	殖民地預設名稱顯示草稿；罕見歷史地名待術語審查，原始名稱與年份只作來源，不是執行期鍵或畫面驗證
COLONY.TXT:@FRENCH:57	Sid Meier's Colonization (1994).zip	8aa93f219a6166712933bc60e402fe78024df1de821605c3036e1ae14e619867	SMColoni/COLONIZE/COLONY.TXT	2996f8a9d53a7f7a93e4a238bfd2ba727c4cf5cdabc334c4059c6860c9e4ae36	FRENCH	0x000002FC	0x00000628	10	bca15879fa5c6e156f5398c5fb2894140050a9fde161383ff76cb5d6fbc41a2f	Louisville	Louisville		路易維爾（Louisville）	draft	殖民地預設名稱顯示草稿；罕見歷史地名待術語審查，原始名稱與年份只作來源，不是執行期鍵或畫面驗證
COLONY.TXT:@FRENCH:58	Sid Meier's Colonization (1994).zip	8aa93f219a6166712933bc60e402fe78024df1de821605c3036e1ae14e619867	SMColoni/COLONIZE/COLONY.TXT	2996f8a9d53a7f7a93e4a238bfd2ba727c4cf5cdabc334c4059c6860c9e4ae36	FRENCH	0x000002FC	0x00000634	14	b13c435a8c8e75bc986f5ba21826958cbab29409eeefa061c953dd294f50d9a3	St. Barthelemy	St. Barthelemy		聖巴泰勒米（St. Barthelemy）	draft	殖民地預設名稱顯示草稿；罕見歷史地名待術語審查，原始名稱與年份只作來源，不是執行期鍵或畫面驗證
COLONY.TXT:@FRENCH:59	Sid Meier's Colonization (1994).zip	8aa93f219a6166712933bc60e402fe78024df1de821605c3036e1ae14e619867	SMColoni/COLONIZE/COLONY.TXT	2996f8a9d53a7f7a93e4a238bfd2ba727c4cf5cdabc334c4059c6860c9e4ae36	FRENCH	0x000002FC	0x00000644	10	c45c5d523e2395bbea89d336f09034f31096c9d09c1508b3ce283c7ce45bacc1	St. Pierre	St. Pierre		聖皮埃爾（St. Pierre）	draft	殖民地預設名稱顯示草稿；罕見歷史地名待術語審查，原始名稱與年份只作來源，不是執行期鍵或畫面驗證
COLONY.TXT:@FRENCH:60	Sid Meier's Colonization (1994).zip	8aa93f219a6166712933bc60e402fe78024df1de821605c3036e1ae14e619867	SMColoni/COLONIZE/COLONY.TXT	2996f8a9d53a7f7a93e4a238bfd2ba727c4cf5cdabc334c4059c6860c9e4ae36	FRENCH	0x000002FC	0x00000650	8	669e41e59287e05c0c3f4b3be8503af493be40901ee42b1d6c29902f8c3b43bf	Miquelon	Miquelon		密克隆（Miquelon）	draft	殖民地預設名稱顯示草稿；罕見歷史地名待術語審查，原始名稱與年份只作來源，不是執行期鍵或畫面驗證
COLONY.TXT:@FRENCH:61	Sid Meier's Colonization (1994).zip	8aa93f219a6166712933bc60e402fe78024df1de821605c3036e1ae14e619867	SMColoni/COLONIZE/COLONY.TXT	2996f8a9d53a7f7a93e4a238bfd2ba727c4cf5cdabc334c4059c6860c9e4ae36	FRENCH	0x000002FC	0x0000065A	10	509c68e347a10ce4d57025c745d8acab6ff8d6d3d3680b2a9127957d25f464aa	Des Moines	Des Moines		得梅因（Des Moines）	draft	殖民地預設名稱顯示草稿；罕見歷史地名待術語審查，原始名稱與年份只作來源，不是執行期鍵或畫面驗證
COLONY.TXT:@FRENCH:62	Sid Meier's Colonization (1994).zip	8aa93f219a6166712933bc60e402fe78024df1de821605c3036e1ae14e619867	SMColoni/COLONIZE/COLONY.TXT	2996f8a9d53a7f7a93e4a238bfd2ba727c4cf5cdabc334c4059c6860c9e4ae36	FRENCH	0x000002FC	0x00000666	16	95cf83184baf1e6e8deb19470d406e76ba19ad4f1c4ce0739ec9a0d737df45c4	Havre St. Pierre	Havre St. Pierre		聖皮埃爾港（Havre St. Pierre）	draft	殖民地預設名稱顯示草稿；罕見歷史地名待術語審查，原始名稱與年份只作來源，不是執行期鍵或畫面驗證
COLONY.TXT:@FRENCH:63	Sid Meier's Colonization (1994).zip	8aa93f219a6166712933bc60e402fe78024df1de821605c3036e1ae14e619867	SMColoni/COLONIZE/COLONY.TXT	2996f8a9d53a7f7a93e4a238bfd2ba727c4cf5cdabc334c4059c6860c9e4ae36	FRENCH	0x000002FC	0x00000678	11	56f455a2e2f7ba3c972a37069435e4018737525ab164aceec96670073776dc7d	Port Menier	Port Menier		梅尼耶港（Port Menier）	draft	殖民地預設名稱顯示草稿；罕見歷史地名待術語審查，原始名稱與年份只作來源，不是執行期鍵或畫面驗證
COLONY.TXT:@FRENCH:64	Sid Meier's Colonization (1994).zip	8aa93f219a6166712933bc60e402fe78024df1de821605c3036e1ae14e619867	SMColoni/COLONIZE/COLONY.TXT	2996f8a9d53a7f7a93e4a238bfd2ba727c4cf5cdabc334c4059c6860c9e4ae36	FRENCH	0x000002FC	0x00000685	18	eebfa1c29041d69502a1d5d6b150182d914f5841e722f046fc0002c9041fa472	Portage la Prairie	Portage la Prairie		草原港（Portage la Prairie）	draft	殖民地預設名稱顯示草稿；罕見歷史地名待術語審查，原始名稱與年份只作來源，不是執行期鍵或畫面驗證
COLONY.TXT:@FRENCH:65	Sid Meier's Colonization (1994).zip	8aa93f219a6166712933bc60e402fe78024df1de821605c3036e1ae14e619867	SMColoni/COLONIZE/COLONY.TXT	2996f8a9d53a7f7a93e4a238bfd2ba727c4cf5cdabc334c4059c6860c9e4ae36	FRENCH	0x000002FC	0x00000699	12	846f284cc3185d677ef74c261a2b1e8779be8bbfbb51adf45c3ff44f704a35d0	St. Boniface	St. Boniface		聖博尼法斯（St. Boniface）	draft	殖民地預設名稱顯示草稿；罕見歷史地名待術語審查，原始名稱與年份只作來源，不是執行期鍵或畫面驗證
COLONY.TXT:@SPANISH:00	Sid Meier's Colonization (1994).zip	8aa93f219a6166712933bc60e402fe78024df1de821605c3036e1ae14e619867	SMColoni/COLONIZE/COLONY.TXT	2996f8a9d53a7f7a93e4a238bfd2ba727c4cf5cdabc334c4059c6860c9e4ae36	SPANISH	0x000006B0	0x000006BA	8	a81ef43a50006221a2810a2de453541cc7c6a0084df970a7e35b2f7b3717cda8	Isabella	Isabella		伊莎貝拉（Isabella）	draft	殖民地預設名稱顯示草稿；罕見歷史地名待術語審查，原始名稱與年份只作來源，不是執行期鍵或畫面驗證
COLONY.TXT:@SPANISH:01	Sid Meier's Colonization (1994).zip	8aa93f219a6166712933bc60e402fe78024df1de821605c3036e1ae14e619867	SMColoni/COLONIZE/COLONY.TXT	2996f8a9d53a7f7a93e4a238bfd2ba727c4cf5cdabc334c4059c6860c9e4ae36	SPANISH	0x000006B0	0x000006C4	13	befcd153e384e3d77c2612121b1c88dc9c26ba44ad977d1c728ec63c8e2d1ab0	Santo Domingo	Santo Domingo		聖多明哥（Santo Domingo）	draft	殖民地預設名稱顯示草稿；罕見歷史地名待術語審查，原始名稱與年份只作來源，不是執行期鍵或畫面驗證
COLONY.TXT:@SPANISH:02	Sid Meier's Colonization (1994).zip	8aa93f219a6166712933bc60e402fe78024df1de821605c3036e1ae14e619867	SMColoni/COLONIZE/COLONY.TXT	2996f8a9d53a7f7a93e4a238bfd2ba727c4cf5cdabc334c4059c6860c9e4ae36	SPANISH	0x000006B0	0x000006D3	12	3fc87c8b3dd1b72b3ca3e7117101f248b6df3177b9287dcdf7419d9140864986	San Salvador	San Salvador		聖薩爾瓦多（San Salvador）	draft	殖民地預設名稱顯示草稿；罕見歷史地名待術語審查，原始名稱與年份只作來源，不是執行期鍵或畫面驗證
COLONY.TXT:@SPANISH:03	Sid Meier's Colonization (1994).zip	8aa93f219a6166712933bc60e402fe78024df1de821605c3036e1ae14e619867	SMColoni/COLONIZE/COLONY.TXT	2996f8a9d53a7f7a93e4a238bfd2ba727c4cf5cdabc334c4059c6860c9e4ae36	SPANISH	0x000006B0	0x000006E1	8	1ecd114209a0584719049b0bea1cd348a2b4e9cbddb7aad9bb69396ca7750f9e	Veracruz	Veracruz		韋拉克魯斯（Veracruz）	draft	殖民地預設名稱顯示草稿；罕見歷史地名待術語審查，原始名稱與年份只作來源，不是執行期鍵或畫面驗證
COLONY.TXT:@SPANISH:04	Sid Meier's Colonization (1994).zip	8aa93f219a6166712933bc60e402fe78024df1de821605c3036e1ae14e619867	SMColoni/COLONIZE/COLONY.TXT	2996f8a9d53a7f7a93e4a238bfd2ba727c4cf5cdabc334c4059c6860c9e4ae36	SPANISH	0x000006B0	0x000006EB	6	448e0e834f8a40d59868289e7b39648881076d6413a7fc611c3e46079ded58f3	Havana	Havana		哈瓦那（Havana）	draft	殖民地預設名稱顯示草稿；罕見歷史地名待術語審查，原始名稱與年份只作來源，不是執行期鍵或畫面驗證
COLONY.TXT:@SPANISH:05	Sid Meier's Colonization (1994).zip	8aa93f219a6166712933bc60e402fe78024df1de821605c3036e1ae14e619867	SMColoni/COLONIZE/COLONY.TXT	2996f8a9d53a7f7a93e4a238bfd2ba727c4cf5cdabc334c4059c6860c9e4ae36	SPANISH	0x000006B0	0x000006F3	8	dff3c7ef5be6b1dfa77350c0eeb786c529ecc1312f4660b794cbcc1562ef924a	Trinidad	Trinidad		特立尼達（Trinidad）	draft	殖民地預設名稱顯示草稿；罕見歷史地名待術語審查，原始名稱與年份只作來源，不是執行期鍵或畫面驗證
COLONY.TXT:@SPANISH:06	Sid Meier's Colonization (1994).zip	8aa93f219a6166712933bc60e402fe78024df1de821605c3036e1ae14e619867	SMColoni/COLONIZE/COLONY.TXT	2996f8a9d53a7f7a93e4a238bfd2ba727c4cf5cdabc334c4059c6860c9e4ae36	SPANISH	0x000006B0	0x000006FD	8	0c754c271376cd8bdaf8e93edba2c6e034afa14925d617aab4f4a3be48f4525d	San Juan	San Juan		聖胡安（San Juan）	draft	殖民地預設名稱顯示草稿；罕見歷史地名待術語審查，原始名稱與年份只作來源，不是執行期鍵或畫面驗證
COLONY.TXT:@SPANISH:07	Sid Meier's Colonization (1994).zip	8aa93f219a6166712933bc60e402fe78024df1de821605c3036e1ae14e619867	SMColoni/COLONIZE/COLONY.TXT	2996f8a9d53a7f7a93e4a238bfd2ba727c4cf5cdabc334c4059c6860c9e4ae36	SPANISH	0x000006B0	0x00000707	6	c3668f581289444ea84763daf6c7b76d7bf6b48ffed85aaee68b7662f504f6a5	Panama	Panama		巴拿馬（Panama）	draft	殖民地預設名稱顯示草稿；罕見歷史地名待術語審查，原始名稱與年份只作來源，不是執行期鍵或畫面驗證
COLONY.TXT:@SPANISH:08	Sid Meier's Colonization (1994).zip	8aa93f219a6166712933bc60e402fe78024df1de821605c3036e1ae14e619867	SMColoni/COLONIZE/COLONY.TXT	2996f8a9d53a7f7a93e4a238bfd2ba727c4cf5cdabc334c4059c6860c9e4ae36	SPANISH	0x000006B0	0x0000070F	9	e153318081528650383a1ee1b789e9193e11076b034434530a2a3ef740857bf6	Cartajena	Cartajena		卡塔赫納（Cartajena）	draft	殖民地預設名稱顯示草稿；罕見歷史地名待術語審查，原始名稱與年份只作來源，不是執行期鍵或畫面驗證
COLONY.TXT:@SPANISH:09	Sid Meier's Colonization (1994).zip	8aa93f219a6166712933bc60e402fe78024df1de821605c3036e1ae14e619867	SMColoni/COLONIZE/COLONY.TXT	2996f8a9d53a7f7a93e4a238bfd2ba727c4cf5cdabc334c4059c6860c9e4ae36	SPANISH	0x000006B0	0x0000071A	13	e41d8beedcfd4fb6b63ac3e3942a35e910ad1334430a1df7b4b689cb164953c5	St. Augustine	St. Augustine		聖奧古斯丁（St. Augustine）	draft	殖民地預設名稱顯示草稿；罕見歷史地名待術語審查，原始名稱與年份只作來源，不是執行期鍵或畫面驗證
COLONY.TXT:@SPANISH:10	Sid Meier's Colonization (1994).zip	8aa93f219a6166712933bc60e402fe78024df1de821605c3036e1ae14e619867	SMColoni/COLONIZE/COLONY.TXT	2996f8a9d53a7f7a93e4a238bfd2ba727c4cf5cdabc334c4059c6860c9e4ae36	SPANISH	0x000006B0	0x00000729	4	aaf2d054d5f750cbf297a4ecd8c58f861a34a48ff7159ce6cd08f986f6a0c0eb	Lima	Lima		利馬（Lima）	draft	殖民地預設名稱顯示草稿；罕見歷史地名待術語審查，原始名稱與年份只作來源，不是執行期鍵或畫面驗證
COLONY.TXT:@SPANISH:11	Sid Meier's Colonization (1994).zip	8aa93f219a6166712933bc60e402fe78024df1de821605c3036e1ae14e619867	SMColoni/COLONIZE/COLONY.TXT	2996f8a9d53a7f7a93e4a238bfd2ba727c4cf5cdabc334c4059c6860c9e4ae36	SPANISH	0x000006B0	0x0000072F	12	abae768240354770b732e87de24a76aa3123c0abbe7f4ebe6110c090d30eae98	Buenos Aires	Buenos Aires		布宜諾斯艾利斯（Buenos Aires）	draft	殖民地預設名稱顯示草稿；罕見歷史地名待術語審查，原始名稱與年份只作來源，不是執行期鍵或畫面驗證
COLONY.TXT:@SPANISH:12	Sid Meier's Colonization (1994).zip	8aa93f219a6166712933bc60e402fe78024df1de821605c3036e1ae14e619867	SMColoni/COLONIZE/COLONY.TXT	2996f8a9d53a7f7a93e4a238bfd2ba727c4cf5cdabc334c4059c6860c9e4ae36	SPANISH	0x000006B0	0x0000073D	9	45a15a2470e1d1824536af27f81455818ddfc5c4b353080918b24d0bdde02e0b	Guatemala	Guatemala		瓜地馬拉（Guatemala）	draft	殖民地預設名稱顯示草稿；罕見歷史地名待術語審查，原始名稱與年份只作來源，不是執行期鍵或畫面驗證
COLONY.TXT:@SPANISH:13	Sid Meier's Colonization (1994).zip	8aa93f219a6166712933bc60e402fe78024df1de821605c3036e1ae14e619867	SMColoni/COLONIZE/COLONY.TXT	2996f8a9d53a7f7a93e4a238bfd2ba727c4cf5cdabc334c4059c6860c9e4ae36	SPANISH	0x000006B0	0x00000748	8	b79b5f97bc67a30a68e4697c34300823a0d5df791673d4396891c2f845034caa	Honduras	Honduras		宏都拉斯（Honduras）	draft	殖民地預設名稱顯示草稿；罕見歷史地名待術語審查，原始名稱與年份只作來源，不是執行期鍵或畫面驗證
COLONY.TXT:@SPANISH:14	Sid Meier's Colonization (1994).zip	8aa93f219a6166712933bc60e402fe78024df1de821605c3036e1ae14e619867	SMColoni/COLONIZE/COLONY.TXT	2996f8a9d53a7f7a93e4a238bfd2ba727c4cf5cdabc334c4059c6860c9e4ae36	SPANISH	0x000006B0	0x00000752	6	bdd31c33df2895b7ddb8b8936f36f5f11c9f25fcaf3140c6323d78203fdd311c	Potosi	Potosi		波托西（Potosi）	draft	殖民地預設名稱顯示草稿；罕見歷史地名待術語審查，原始名稱與年份只作來源，不是執行期鍵或畫面驗證
COLONY.TXT:@SPANISH:15	Sid Meier's Colonization (1994).zip	8aa93f219a6166712933bc60e402fe78024df1de821605c3036e1ae14e619867	SMColoni/COLONIZE/COLONY.TXT	2996f8a9d53a7f7a93e4a238bfd2ba727c4cf5cdabc334c4059c6860c9e4ae36	SPANISH	0x000006B0	0x0000075A	8	30362306091ef8d489fd8e92de49e5a40f3a2ffb6bda952f178fe394d8492fd9	Santiago	Santiago		聖地亞哥（Santiago）	draft	殖民地預設名稱顯示草稿；罕見歷史地名待術語審查，原始名稱與年份只作來源，不是執行期鍵或畫面驗證
COLONY.TXT:@SPANISH:16	Sid Meier's Colonization (1994).zip	8aa93f219a6166712933bc60e402fe78024df1de821605c3036e1ae14e619867	SMColoni/COLONIZE/COLONY.TXT	2996f8a9d53a7f7a93e4a238bfd2ba727c4cf5cdabc334c4059c6860c9e4ae36	SPANISH	0x000006B0	0x00000764	11	0a23474745c00852e7f4dc64ace0d4f2238aa8d3bfe82859829879f86669f2e6	Guadalajara	Guadalajara		瓜達拉哈拉（Guadalajara）	draft	殖民地預設名稱顯示草稿；罕見歷史地名待術語審查，原始名稱與年份只作來源，不是執行期鍵或畫面驗證
COLONY.TXT:@SPANISH:17	Sid Meier's Colonization (1994).zip	8aa93f219a6166712933bc60e402fe78024df1de821605c3036e1ae14e619867	SMColoni/COLONIZE/COLONY.TXT	2996f8a9d53a7f7a93e4a238bfd2ba727c4cf5cdabc334c4059c6860c9e4ae36	SPANISH	0x000006B0	0x00000771	8	c8da958feba1b3ee94e3aa10779222db57404c548246a46b13f4fb1887722d87	Asuncion	Asuncion		亞松森（Asuncion）	draft	殖民地預設名稱顯示草稿；罕見歷史地名待術語審查，原始名稱與年份只作來源，不是執行期鍵或畫面驗證
COLONY.TXT:@SPANISH:18	Sid Meier's Colonization (1994).zip	8aa93f219a6166712933bc60e402fe78024df1de821605c3036e1ae14e619867	SMColoni/COLONIZE/COLONY.TXT	2996f8a9d53a7f7a93e4a238bfd2ba727c4cf5cdabc334c4059c6860c9e4ae36	SPANISH	0x000006B0	0x0000077B	7	53793e15f9d66ae864ae6838bbf3d8352d7fe89a56767b00fabd650fdce31841	Managua	Managua		馬拿瓜（Managua）	draft	殖民地預設名稱顯示草稿；罕見歷史地名待術語審查，原始名稱與年份只作來源，不是執行期鍵或畫面驗證
COLONY.TXT:@SPANISH:19	Sid Meier's Colonization (1994).zip	8aa93f219a6166712933bc60e402fe78024df1de821605c3036e1ae14e619867	SMColoni/COLONIZE/COLONY.TXT	2996f8a9d53a7f7a93e4a238bfd2ba727c4cf5cdabc334c4059c6860c9e4ae36	SPANISH	0x000006B0	0x00000784	10	e26742d7cdd9fb287c344bfc4538d0c2b10c3dfcb85ede596af252c275492d47	Costa Rica	Costa Rica		哥斯大黎加（Costa Rica）	draft	殖民地預設名稱顯示草稿；罕見歷史地名待術語審查，原始名稱與年份只作來源，不是執行期鍵或畫面驗證
COLONY.TXT:@SPANISH:20	Sid Meier's Colonization (1994).zip	8aa93f219a6166712933bc60e402fe78024df1de821605c3036e1ae14e619867	SMColoni/COLONIZE/COLONY.TXT	2996f8a9d53a7f7a93e4a238bfd2ba727c4cf5cdabc334c4059c6860c9e4ae36	SPANISH	0x000006B0	0x00000790	8	852f6017a9b09b985d6d70c041edc5fdd86bc55cfd98efb259359c308c61cb65	Santa Fe	Santa Fe		聖菲（Santa Fe）	draft	殖民地預設名稱顯示草稿；罕見歷史地名待術語審查，原始名稱與年份只作來源，不是執行期鍵或畫面驗證
COLONY.TXT:@SPANISH:21	Sid Meier's Colonization (1994).zip	8aa93f219a6166712933bc60e402fe78024df1de821605c3036e1ae14e619867	SMColoni/COLONIZE/COLONY.TXT	2996f8a9d53a7f7a93e4a238bfd2ba727c4cf5cdabc334c4059c6860c9e4ae36	SPANISH	0x000006B0	0x0000079A	11	8b6e04947230473368190a71c95399a7e9a0c12faa28b04a2dd5a1cc4350a9a9	Los Angeles	Los Angeles		洛杉磯（Los Angeles）	draft	殖民地預設名稱顯示草稿；罕見歷史地名待術語審查，原始名稱與年份只作來源，不是執行期鍵或畫面驗證
COLONY.TXT:@SPANISH:22	Sid Meier's Colonization (1994).zip	8aa93f219a6166712933bc60e402fe78024df1de821605c3036e1ae14e619867	SMColoni/COLONIZE/COLONY.TXT	2996f8a9d53a7f7a93e4a238bfd2ba727c4cf5cdabc334c4059c6860c9e4ae36	SPANISH	0x000006B0	0x000007A7	6	6aa28c34af67230727d0686240eaedfacee8d59c1a1fde8096f7067b67abece8	Bogota	Bogota		波哥大（Bogota）	draft	殖民地預設名稱顯示草稿；罕見歷史地名待術語審查，原始名稱與年份只作來源，不是執行期鍵或畫面驗證
COLONY.TXT:@SPANISH:23	Sid Meier's Colonization (1994).zip	8aa93f219a6166712933bc60e402fe78024df1de821605c3036e1ae14e619867	SMColoni/COLONIZE/COLONY.TXT	2996f8a9d53a7f7a93e4a238bfd2ba727c4cf5cdabc334c4059c6860c9e4ae36	SPANISH	0x000006B0	0x000007AF	14	7e6cc62a9bc73f0a01ffb99fe16de779c1f9cc8df6147c7337088a83a1f087dd	Corpus Christi	Corpus Christi		科珀斯克里斯蒂（Corpus Christi）	draft	殖民地預設名稱顯示草稿；罕見歷史地名待術語審查，原始名稱與年份只作來源，不是執行期鍵或畫面驗證
COLONY.TXT:@SPANISH:24	Sid Meier's Colonization (1994).zip	8aa93f219a6166712933bc60e402fe78024df1de821605c3036e1ae14e619867	SMColoni/COLONIZE/COLONY.TXT	2996f8a9d53a7f7a93e4a238bfd2ba727c4cf5cdabc334c4059c6860c9e4ae36	SPANISH	0x000006B0	0x000007BF	8	422f33c5df34778d19268768f8d225e19130ffa5dd8bc5d046a633ad2559760c	Acapulco	Acapulco		阿卡普爾科（Acapulco）	draft	殖民地預設名稱顯示草稿；罕見歷史地名待術語審查，原始名稱與年份只作來源，不是執行期鍵或畫面驗證
COLONY.TXT:@SPANISH:25	Sid Meier's Colonization (1994).zip	8aa93f219a6166712933bc60e402fe78024df1de821605c3036e1ae14e619867	SMColoni/COLONIZE/COLONY.TXT	2996f8a9d53a7f7a93e4a238bfd2ba727c4cf5cdabc334c4059c6860c9e4ae36	SPANISH	0x000006B0	0x000007C9	11	44b3947f294f696b33db20d57d79e54f3fe2bb59ea3a5d2389d67ff1ea8fc9d1	Santa Marta	Santa Marta		聖瑪爾塔（Santa Marta）	draft	殖民地預設名稱顯示草稿；罕見歷史地名待術語審查，原始名稱與年份只作來源，不是執行期鍵或畫面驗證
COLONY.TXT:@SPANISH:26	Sid Meier's Colonization (1994).zip	8aa93f219a6166712933bc60e402fe78024df1de821605c3036e1ae14e619867	SMColoni/COLONIZE/COLONY.TXT	2996f8a9d53a7f7a93e4a238bfd2ba727c4cf5cdabc334c4059c6860c9e4ae36	SPANISH	0x000006B0	0x000007D6	11	14554d78fa17fff40213bf1dcdcd122716f68c395d55f591d1012cdb0286fdcc	San Agostin	San Agostin		聖奧古斯丁（San Agostin）	draft	殖民地預設名稱顯示草稿；罕見歷史地名待術語審查，原始名稱與年份只作來源，不是執行期鍵或畫面驗證
COLONY.TXT:@SPANISH:27	Sid Meier's Colonization (1994).zip	8aa93f219a6166712933bc60e402fe78024df1de821605c3036e1ae14e619867	SMColoni/COLONIZE/COLONY.TXT	2996f8a9d53a7f7a93e4a238bfd2ba727c4cf5cdabc334c4059c6860c9e4ae36	SPANISH	0x000006B0	0x000007E3	7	7b169f05023e2e6b8b16dd0241425fbcf34e8731d8ff0fc94bcebd44619210c5	Caracas	Caracas		卡拉卡斯（Caracas）	draft	殖民地預設名稱顯示草稿；罕見歷史地名待術語審查，原始名稱與年份只作來源，不是執行期鍵或畫面驗證
COLONY.TXT:@SPANISH:28	Sid Meier's Colonization (1994).zip	8aa93f219a6166712933bc60e402fe78024df1de821605c3036e1ae14e619867	SMColoni/COLONIZE/COLONY.TXT	2996f8a9d53a7f7a93e4a238bfd2ba727c4cf5cdabc334c4059c6860c9e4ae36	SPANISH	0x000006B0	0x000007EC	6	cd75919bd532b2f2fd18f30a0add172aed34688eb85762605cc2a82e8a291d67	Tobago	Tobago		多巴哥（Tobago）	draft	殖民地預設名稱顯示草稿；罕見歷史地名待術語審查，原始名稱與年份只作來源，不是執行期鍵或畫面驗證
COLONY.TXT:@SPANISH:29	Sid Meier's Colonization (1994).zip	8aa93f219a6166712933bc60e402fe78024df1de821605c3036e1ae14e619867	SMColoni/COLONIZE/COLONY.TXT	2996f8a9d53a7f7a93e4a238bfd2ba727c4cf5cdabc334c4059c6860c9e4ae36	SPANISH	0x000006B0	0x000007F4	13	5aa34886f7f3741de8460690b636f4c8b7c2044df88e2e8adbb4f7e6f8534931	San Francisco	San Francisco		舊金山（San Francisco）	draft	殖民地預設名稱顯示草稿；罕見歷史地名待術語審查，原始名稱與年份只作來源，不是執行期鍵或畫面驗證
COLONY.TXT:@SPANISH:30	Sid Meier's Colonization (1994).zip	8aa93f219a6166712933bc60e402fe78024df1de821605c3036e1ae14e619867	SMColoni/COLONIZE/COLONY.TXT	2996f8a9d53a7f7a93e4a238bfd2ba727c4cf5cdabc334c4059c6860c9e4ae36	SPANISH	0x000006B0	0x00000803	8	30362306091ef8d489fd8e92de49e5a40f3a2ffb6bda952f178fe394d8492fd9	Santiago	Santiago		聖地亞哥（Santiago）	draft	殖民地預設名稱顯示草稿；罕見歷史地名待術語審查，原始名稱與年份只作來源，不是執行期鍵或畫面驗證
COLONY.TXT:@SPANISH:31	Sid Meier's Colonization (1994).zip	8aa93f219a6166712933bc60e402fe78024df1de821605c3036e1ae14e619867	SMColoni/COLONIZE/COLONY.TXT	2996f8a9d53a7f7a93e4a238bfd2ba727c4cf5cdabc334c4059c6860c9e4ae36	SPANISH	0x000006B0	0x0000080D	9	d6f11805e14b50ac3e1d8e0e2cc851c53ed983ee6a453c4655dddf87104b85ad	San Diego	San Diego		聖地牙哥（San Diego）	draft	殖民地預設名稱顯示草稿；罕見歷史地名待術語審查，原始名稱與年份只作來源，不是執行期鍵或畫面驗證
COLONY.TXT:@SPANISH:32	Sid Meier's Colonization (1994).zip	8aa93f219a6166712933bc60e402fe78024df1de821605c3036e1ae14e619867	SMColoni/COLONIZE/COLONY.TXT	2996f8a9d53a7f7a93e4a238bfd2ba727c4cf5cdabc334c4059c6860c9e4ae36	SPANISH	0x000006B0	0x00000818	10	1b299e3249cfff89b54d6c3ca047e532dc21ee532a3be9876dad9fcf727eaffb	San Angelo	San Angelo		聖安傑洛（San Angelo）	draft	殖民地預設名稱顯示草稿；罕見歷史地名待術語審查，原始名稱與年份只作來源，不是執行期鍵或畫面驗證
COLONY.TXT:@SPANISH:33	Sid Meier's Colonization (1994).zip	8aa93f219a6166712933bc60e402fe78024df1de821605c3036e1ae14e619867	SMColoni/COLONIZE/COLONY.TXT	2996f8a9d53a7f7a93e4a238bfd2ba727c4cf5cdabc334c4059c6860c9e4ae36	SPANISH	0x000006B0	0x00000824	7	f38ed02476dea1c92ad2dac4aecbc24d2dbc8189fc180e01c97b3096b87daf36	El Paso	El Paso		埃爾帕索（El Paso）	draft	殖民地預設名稱顯示草稿；罕見歷史地名待術語審查，原始名稱與年份只作來源，不是執行期鍵或畫面驗證
COLONY.TXT:@SPANISH:34	Sid Meier's Colonization (1994).zip	8aa93f219a6166712933bc60e402fe78024df1de821605c3036e1ae14e619867	SMColoni/COLONIZE/COLONY.TXT	2996f8a9d53a7f7a93e4a238bfd2ba727c4cf5cdabc334c4059c6860c9e4ae36	SPANISH	0x000006B0	0x0000082D	6	9e69ea039851cd44ab42db9125a69327633e012bfcf03fbc146c7201271e355b	Cancun	Cancun		坎昆（Cancun）	draft	殖民地預設名稱顯示草稿；罕見歷史地名待術語審查，原始名稱與年份只作來源，不是執行期鍵或畫面驗證
COLONY.TXT:@SPANISH:35	Sid Meier's Colonization (1994).zip	8aa93f219a6166712933bc60e402fe78024df1de821605c3036e1ae14e619867	SMColoni/COLONIZE/COLONY.TXT	2996f8a9d53a7f7a93e4a238bfd2ba727c4cf5cdabc334c4059c6860c9e4ae36	SPANISH	0x000006B0	0x00000835	10	321349ce8e7f118da1cbebb40fd7c9a40837277584276ce7d2860dd19997eb50	Valparaiso	Valparaiso		瓦爾帕萊索（Valparaiso）	draft	殖民地預設名稱顯示草稿；罕見歷史地名待術語審查，原始名稱與年份只作來源，不是執行期鍵或畫面驗證
COLONY.TXT:@SPANISH:36	Sid Meier's Colonization (1994).zip	8aa93f219a6166712933bc60e402fe78024df1de821605c3036e1ae14e619867	SMColoni/COLONIZE/COLONY.TXT	2996f8a9d53a7f7a93e4a238bfd2ba727c4cf5cdabc334c4059c6860c9e4ae36	SPANISH	0x000006B0	0x00000841	10	348b7c3337c243dabd03f599f8293c19269bbacd064de115b9d3a8e3bed67682	Concepcion	Concepcion		康塞普西翁（Concepcion）	draft	殖民地預設名稱顯示草稿；罕見歷史地名待術語審查，原始名稱與年份只作來源，不是執行期鍵或畫面驗證
COLONY.TXT:@SPANISH:37	Sid Meier's Colonization (1994).zip	8aa93f219a6166712933bc60e402fe78024df1de821605c3036e1ae14e619867	SMColoni/COLONIZE/COLONY.TXT	2996f8a9d53a7f7a93e4a238bfd2ba727c4cf5cdabc334c4059c6860c9e4ae36	SPANISH	0x000006B0	0x0000084D	8	9c474d42b11792e70904ac98f88050b4e0f31ad29fb884bd746f236941a7bc40	La Plata	La Plata		拉普拉塔（La Plata）	draft	殖民地預設名稱顯示草稿；罕見歷史地名待術語審查，原始名稱與年份只作來源，不是執行期鍵或畫面驗證
COLONY.TXT:@SPANISH:38	Sid Meier's Colonization (1994).zip	8aa93f219a6166712933bc60e402fe78024df1de821605c3036e1ae14e619867	SMColoni/COLONIZE/COLONY.TXT	2996f8a9d53a7f7a93e4a238bfd2ba727c4cf5cdabc334c4059c6860c9e4ae36	SPANISH	0x000006B0	0x00000857	13	6473e94b844650e25bfa1539afe71f5d9f6bf2bde12a070c73c904873be02b7f	Port of Spain	Port of Spain		西班牙港（Port of Spain）	draft	殖民地預設名稱顯示草稿；罕見歷史地名待術語審查，原始名稱與年份只作來源，不是執行期鍵或畫面驗證
COLONY.TXT:@DUTCH:00	Sid Meier's Colonization (1994).zip	8aa93f219a6166712933bc60e402fe78024df1de821605c3036e1ae14e619867	SMColoni/COLONIZE/COLONY.TXT	2996f8a9d53a7f7a93e4a238bfd2ba727c4cf5cdabc334c4059c6860c9e4ae36	DUTCH	0x0000086F	0x00000877	13	8e70d44e44b9bb7200300178024f9ff4989981a2db3b29c62fcd7140186c3ef4	New Amsterdam	New Amsterdam		新阿姆斯特丹（New Amsterdam）	draft	殖民地預設名稱顯示草稿；罕見歷史地名待術語審查，原始名稱與年份只作來源，不是執行期鍵或畫面驗證
COLONY.TXT:@DUTCH:01	Sid Meier's Colonization (1994).zip	8aa93f219a6166712933bc60e402fe78024df1de821605c3036e1ae14e619867	SMColoni/COLONIZE/COLONY.TXT	2996f8a9d53a7f7a93e4a238bfd2ba727c4cf5cdabc334c4059c6860c9e4ae36	DUTCH	0x0000086F	0x00000886	11	3ab8a1f88bc95a4ec1b8cbcf442a7a9ea309905b531d1a15b09423ed03baa3d9	Fort Orange	Fort Orange		奧蘭治堡（Fort Orange）	draft	殖民地預設名稱顯示草稿；罕見歷史地名待術語審查，原始名稱與年份只作來源，不是執行期鍵或畫面驗證
COLONY.TXT:@DUTCH:02	Sid Meier's Colonization (1994).zip	8aa93f219a6166712933bc60e402fe78024df1de821605c3036e1ae14e619867	SMColoni/COLONIZE/COLONY.TXT	2996f8a9d53a7f7a93e4a238bfd2ba727c4cf5cdabc334c4059c6860c9e4ae36	DUTCH	0x0000086F	0x00000893	11	9dd8c293e9440d60992c19d181256c5ffcdc1b690e01bab057b2b5b460c81be5	Fort Nassau	Fort Nassau		拿騷堡（Fort Nassau）	draft	殖民地預設名稱顯示草稿；罕見歷史地名待術語審查，原始名稱與年份只作來源，不是執行期鍵或畫面驗證
COLONY.TXT:@DUTCH:03	Sid Meier's Colonization (1994).zip	8aa93f219a6166712933bc60e402fe78024df1de821605c3036e1ae14e619867	SMColoni/COLONIZE/COLONY.TXT	2996f8a9d53a7f7a93e4a238bfd2ba727c4cf5cdabc334c4059c6860c9e4ae36	DUTCH	0x0000086F	0x000008A0	11	7c4b707a3b743e6f1d1d4d975c8aa44ac2ee5c9d29be59a99fb184890d61d827	New Holland	New Holland		新荷蘭（New Holland）	draft	殖民地預設名稱顯示草稿；罕見歷史地名待術語審查，原始名稱與年份只作來源，不是執行期鍵或畫面驗證
COLONY.TXT:@DUTCH:04	Sid Meier's Colonization (1994).zip	8aa93f219a6166712933bc60e402fe78024df1de821605c3036e1ae14e619867	SMColoni/COLONIZE/COLONY.TXT	2996f8a9d53a7f7a93e4a238bfd2ba727c4cf5cdabc334c4059c6860c9e4ae36	DUTCH	0x0000086F	0x000008AD	10	79e18753f03ce75a936c7b9e89019853587430a67e41008f9e47887efcf58d3a	Vlissingen	Vlissingen		弗利辛恩（Vlissingen）	draft	殖民地預設名稱顯示草稿；罕見歷史地名待術語審查，原始名稱與年份只作來源，不是執行期鍵或畫面驗證
COLONY.TXT:@DUTCH:05	Sid Meier's Colonization (1994).zip	8aa93f219a6166712933bc60e402fe78024df1de821605c3036e1ae14e619867	SMColoni/COLONIZE/COLONY.TXT	2996f8a9d53a7f7a93e4a238bfd2ba727c4cf5cdabc334c4059c6860c9e4ae36	DUTCH	0x0000086F	0x000008B9	7	3fe62e28937ed8f2f36975d0fb96e221b7658227a9adfbbaf9fd2182d083be3c	Curacao	Curacao		古拉索（Curacao）	draft	殖民地預設名稱顯示草稿；罕見歷史地名待術語審查，原始名稱與年份只作來源，不是執行期鍵或畫面驗證
COLONY.TXT:@DUTCH:06	Sid Meier's Colonization (1994).zip	8aa93f219a6166712933bc60e402fe78024df1de821605c3036e1ae14e619867	SMColoni/COLONIZE/COLONY.TXT	2996f8a9d53a7f7a93e4a238bfd2ba727c4cf5cdabc334c4059c6860c9e4ae36	DUTCH	0x0000086F	0x000008C2	6	0384bff73f7cfcc0955185ef3e18a7f47977c0df94ad2f52e46af1fadae88690	Recife	Recife		累西腓（Recife）	draft	殖民地預設名稱顯示草稿；罕見歷史地名待術語審查，原始名稱與年份只作來源，不是執行期鍵或畫面驗證
COLONY.TXT:@DUTCH:07	Sid Meier's Colonization (1994).zip	8aa93f219a6166712933bc60e402fe78024df1de821605c3036e1ae14e619867	SMColoni/COLONIZE/COLONY.TXT	2996f8a9d53a7f7a93e4a238bfd2ba727c4cf5cdabc334c4059c6860c9e4ae36	DUTCH	0x0000086F	0x000008CA	5	5fa8d079409300995d8e31fa995d510e382d6701cbb7f642db3462d889623fae	Bahia	Bahia		巴伊亞（Bahia）	draft	殖民地預設名稱顯示草稿；罕見歷史地名待術語審查，原始名稱與年份只作來源，不是執行期鍵或畫面驗證
COLONY.TXT:@DUTCH:08	Sid Meier's Colonization (1994).zip	8aa93f219a6166712933bc60e402fe78024df1de821605c3036e1ae14e619867	SMColoni/COLONIZE/COLONY.TXT	2996f8a9d53a7f7a93e4a238bfd2ba727c4cf5cdabc334c4059c6860c9e4ae36	DUTCH	0x0000086F	0x000008D1	10	af1c0ccbf5d606bf1e4fe30d8ae9c05f2d5a7443e6c3e81cb0a51edcd65db165	Paramaribo	Paramaribo		巴拉馬利波（Paramaribo）	draft	殖民地預設名稱顯示草稿；罕見歷史地名待術語審查，原始名稱與年份只作來源，不是執行期鍵或畫面驗證
COLONY.TXT:@DUTCH:09	Sid Meier's Colonization (1994).zip	8aa93f219a6166712933bc60e402fe78024df1de821605c3036e1ae14e619867	SMColoni/COLONIZE/COLONY.TXT	2996f8a9d53a7f7a93e4a238bfd2ba727c4cf5cdabc334c4059c6860c9e4ae36	DUTCH	0x0000086F	0x000008DD	10	b7f6335f7cb7d33bbcb20b756adede84009869d718a5c545cc4c2f026bcbef6d	Pernambuco	Pernambuco		伯南布哥（Pernambuco）	draft	殖民地預設名稱顯示草稿；罕見歷史地名待術語審查，原始名稱與年份只作來源，不是執行期鍵或畫面驗證
COLONY.TXT:@DUTCH:10	Sid Meier's Colonization (1994).zip	8aa93f219a6166712933bc60e402fe78024df1de821605c3036e1ae14e619867	SMColoni/COLONIZE/COLONY.TXT	2996f8a9d53a7f7a93e4a238bfd2ba727c4cf5cdabc334c4059c6860c9e4ae36	DUTCH	0x0000086F	0x000008E9	10	50aa7455049a1728015b1e39a423bcd021c7025957fec1d3268b81df16c96c07	St. Martin	St. Martin		聖馬丁（St. Martin）	draft	殖民地預設名稱顯示草稿；罕見歷史地名待術語審查，原始名稱與年份只作來源，不是執行期鍵或畫面驗證
COLONY.TXT:@DUTCH:11	Sid Meier's Colonization (1994).zip	8aa93f219a6166712933bc60e402fe78024df1de821605c3036e1ae14e619867	SMColoni/COLONIZE/COLONY.TXT	2996f8a9d53a7f7a93e4a238bfd2ba727c4cf5cdabc334c4059c6860c9e4ae36	DUTCH	0x0000086F	0x000008F5	13	837888a4a63eb1498ef73d7885d571d4c79bb5c5a3261a290dce5d1369ff5f35	St. Eustatius	St. Eustatius		聖尤斯特歇斯（St. Eustatius）	draft	殖民地預設名稱顯示草稿；罕見歷史地名待術語審查，原始名稱與年份只作來源，不是執行期鍵或畫面驗證
COLONY.TXT:@DUTCH:12	Sid Meier's Colonization (1994).zip	8aa93f219a6166712933bc60e402fe78024df1de821605c3036e1ae14e619867	SMColoni/COLONIZE/COLONY.TXT	2996f8a9d53a7f7a93e4a238bfd2ba727c4cf5cdabc334c4059c6860c9e4ae36	DUTCH	0x0000086F	0x00000904	9	157acd27c494b54fe8f5be67616d83e10222c3d4c77f9ccc1270b6ea6ca99f33	Essequibo	Essequibo		埃塞奎博（Essequibo）	draft	殖民地預設名稱顯示草稿；罕見歷史地名待術語審查，原始名稱與年份只作來源，不是執行期鍵或畫面驗證
COLONY.TXT:@DUTCH:13	Sid Meier's Colonization (1994).zip	8aa93f219a6166712933bc60e402fe78024df1de821605c3036e1ae14e619867	SMColoni/COLONIZE/COLONY.TXT	2996f8a9d53a7f7a93e4a238bfd2ba727c4cf5cdabc334c4059c6860c9e4ae36	DUTCH	0x0000086F	0x0000090F	7	83c9c67d902787321731c5275a053425b7078feafe85a56b64efd3eb7c71f85e	Berbice	Berbice		伯比斯（Berbice）	draft	殖民地預設名稱顯示草稿；罕見歷史地名待術語審查，原始名稱與年份只作來源，不是執行期鍵或畫面驗證
COLONY.TXT:@DUTCH:14	Sid Meier's Colonization (1994).zip	8aa93f219a6166712933bc60e402fe78024df1de821605c3036e1ae14e619867	SMColoni/COLONIZE/COLONY.TXT	2996f8a9d53a7f7a93e4a238bfd2ba727c4cf5cdabc334c4059c6860c9e4ae36	DUTCH	0x0000086F	0x00000918	7	aa0e1fed5d980a401928a5329ec20dbd06df1396b0b9c786be457bc9aeac4ad3	Surinam	Surinam		蘇利南（Surinam）	draft	殖民地預設名稱顯示草稿；罕見歷史地名待術語審查，原始名稱與年份只作來源，不是執行期鍵或畫面驗證
COLONY.TXT:@DUTCH:15	Sid Meier's Colonization (1994).zip	8aa93f219a6166712933bc60e402fe78024df1de821605c3036e1ae14e619867	SMColoni/COLONIZE/COLONY.TXT	2996f8a9d53a7f7a93e4a238bfd2ba727c4cf5cdabc334c4059c6860c9e4ae36	DUTCH	0x0000086F	0x00000921	7	ad248e86bd33c96e8507223e4a865dfa3cf3705a9447f0a660df42acf394da37	Paraiba	Paraiba		帕拉伊巴（Paraiba）	draft	殖民地預設名稱顯示草稿；罕見歷史地名待術語審查，原始名稱與年份只作來源，不是執行期鍵或畫面驗證
COLONY.TXT:@DUTCH:16	Sid Meier's Colonization (1994).zip	8aa93f219a6166712933bc60e402fe78024df1de821605c3036e1ae14e619867	SMColoni/COLONIZE/COLONY.TXT	2996f8a9d53a7f7a93e4a238bfd2ba727c4cf5cdabc334c4059c6860c9e4ae36	DUTCH	0x0000086F	0x0000092A	7	e2d73333643e8cadc7961b074457eb3feef34445b3ef4faccdd3c902c0b4c949	Bonaire	Bonaire		博奈爾（Bonaire）	draft	殖民地預設名稱顯示草稿；罕見歷史地名待術語審查，原始名稱與年份只作來源，不是執行期鍵或畫面驗證
COLONY.TXT:@DUTCH:17	Sid Meier's Colonization (1994).zip	8aa93f219a6166712933bc60e402fe78024df1de821605c3036e1ae14e619867	SMColoni/COLONIZE/COLONY.TXT	2996f8a9d53a7f7a93e4a238bfd2ba727c4cf5cdabc334c4059c6860c9e4ae36	DUTCH	0x0000086F	0x00000933	10	e254742ff703c1fd6670ab8c11189c6069a4f9f111d1fe96a4fa9a336af7c667	Willemstad	Willemstad		威廉斯塔德（Willemstad）	draft	殖民地預設名稱顯示草稿；罕見歷史地名待術語審查，原始名稱與年份只作來源，不是執行期鍵或畫面驗證
COLONY.TXT:@DUTCH:18	Sid Meier's Colonization (1994).zip	8aa93f219a6166712933bc60e402fe78024df1de821605c3036e1ae14e619867	SMColoni/COLONIZE/COLONY.TXT	2996f8a9d53a7f7a93e4a238bfd2ba727c4cf5cdabc334c4059c6860c9e4ae36	DUTCH	0x0000086F	0x0000093F	5	b566255eb054e5c92c9bc7736edaa52d300c8554c03197c8109303643cf79430	Aruba	Aruba		阿魯巴（Aruba）	draft	殖民地預設名稱顯示草稿；罕見歷史地名待術語審查，原始名稱與年份只作來源，不是執行期鍵或畫面驗證
COLONY.TXT:@DUTCH:19	Sid Meier's Colonization (1994).zip	8aa93f219a6166712933bc60e402fe78024df1de821605c3036e1ae14e619867	SMColoni/COLONIZE/COLONY.TXT	2996f8a9d53a7f7a93e4a238bfd2ba727c4cf5cdabc334c4059c6860c9e4ae36	DUTCH	0x0000086F	0x00000946	15	fb103f11ab0d77a60edecd3e1049469d517c29defa7af1ea28ecf1eab48b403b	Santa Catharina	Santa Catharina		聖卡塔琳娜（Santa Catharina）	draft	殖民地預設名稱顯示草稿；罕見歷史地名待術語審查，原始名稱與年份只作來源，不是執行期鍵或畫面驗證
COLONY.TXT:@DUTCH:20	Sid Meier's Colonization (1994).zip	8aa93f219a6166712933bc60e402fe78024df1de821605c3036e1ae14e619867	SMColoni/COLONIZE/COLONY.TXT	2996f8a9d53a7f7a93e4a238bfd2ba727c4cf5cdabc334c4059c6860c9e4ae36	DUTCH	0x0000086F	0x00000957	4	5d7f956d97217be650a90bea985287ad00810e5269b688846e3ac7b5e485dec0	Saba	Saba		薩巴（Saba）	draft	殖民地預設名稱顯示草稿；罕見歷史地名待術語審查，原始名稱與年份只作來源，不是執行期鍵或畫面驗證
COLONY.TXT:@DUTCH:21	Sid Meier's Colonization (1994).zip	8aa93f219a6166712933bc60e402fe78024df1de821605c3036e1ae14e619867	SMColoni/COLONIZE/COLONY.TXT	2996f8a9d53a7f7a93e4a238bfd2ba727c4cf5cdabc334c4059c6860c9e4ae36	DUTCH	0x0000086F	0x0000095D	7	47a7e16ccde2e008e01f01f0e6553f95a3044625d9a6df3d08de0ddd23fa463f	Utrecht	Utrecht		烏特勒支（Utrecht）	draft	殖民地預設名稱顯示草稿；罕見歷史地名待術語審查，原始名稱與年份只作來源，不是執行期鍵或畫面驗證
COLONY.TXT:@DUTCH:22	Sid Meier's Colonization (1994).zip	8aa93f219a6166712933bc60e402fe78024df1de821605c3036e1ae14e619867	SMColoni/COLONIZE/COLONY.TXT	2996f8a9d53a7f7a93e4a238bfd2ba727c4cf5cdabc334c4059c6860c9e4ae36	DUTCH	0x0000086F	0x00000966	7	9e24ed0a41551fb40183b11b4a62da742b8bfd479cea9416c45b2825b7f8cb99	Haarlem	Haarlem		哈勒姆（Haarlem）	draft	殖民地預設名稱顯示草稿；罕見歷史地名待術語審查，原始名稱與年份只作來源，不是執行期鍵或畫面驗證
COLONY.TXT:@DUTCH:23	Sid Meier's Colonization (1994).zip	8aa93f219a6166712933bc60e402fe78024df1de821605c3036e1ae14e619867	SMColoni/COLONIZE/COLONY.TXT	2996f8a9d53a7f7a93e4a238bfd2ba727c4cf5cdabc334c4059c6860c9e4ae36	DUTCH	0x0000086F	0x0000096F	7	5890e4b96b98bdb2ef4d610e80b51386f4b7278b0cfcd498c1480abdc0f626a4	Tappans	Tappans		塔潘斯（Tappans）	draft	殖民地預設名稱顯示草稿；罕見歷史地名待術語審查，原始名稱與年份只作來源，不是執行期鍵或畫面驗證
COLONY.TXT:@DUTCH:24	Sid Meier's Colonization (1994).zip	8aa93f219a6166712933bc60e402fe78024df1de821605c3036e1ae14e619867	SMColoni/COLONIZE/COLONY.TXT	2996f8a9d53a7f7a93e4a238bfd2ba727c4cf5cdabc334c4059c6860c9e4ae36	DUTCH	0x0000086F	0x00000978	7	46a7c3836d50f626fea6258ab62364fbef790b0233a540c7e540ed987bd4f577	Hoboken	Hoboken		霍博肯（Hoboken）	draft	殖民地預設名稱顯示草稿；罕見歷史地名待術語審查，原始名稱與年份只作來源，不是執行期鍵或畫面驗證
COLONY.TXT:@DUTCH:25	Sid Meier's Colonization (1994).zip	8aa93f219a6166712933bc60e402fe78024df1de821605c3036e1ae14e619867	SMColoni/COLONIZE/COLONY.TXT	2996f8a9d53a7f7a93e4a238bfd2ba727c4cf5cdabc334c4059c6860c9e4ae36	DUTCH	0x0000086F	0x00000981	15	8106669033222320d05104bd63db83971ccc0c6cc6c4ccefed097a8b8ad47d51	Rensselaerswyck	Rensselaerswyck		倫斯勒斯維克（Rensselaerswyck）	draft	殖民地預設名稱顯示草稿；罕見歷史地名待術語審查，原始名稱與年份只作來源，不是執行期鍵或畫面驗證
COLONY.TXT:@DUTCH:26	Sid Meier's Colonization (1994).zip	8aa93f219a6166712933bc60e402fe78024df1de821605c3036e1ae14e619867	SMColoni/COLONIZE/COLONY.TXT	2996f8a9d53a7f7a93e4a238bfd2ba727c4cf5cdabc334c4059c6860c9e4ae36	DUTCH	0x0000086F	0x00000992	10	d359427e6099277588c77b7d81af0601fb6f4a3ec78cdb9a54c938ede045d5b0	Nederhorst	Nederhorst		內德霍斯特（Nederhorst）	draft	殖民地預設名稱顯示草稿；罕見歷史地名待術語審查，原始名稱與年份只作來源，不是執行期鍵或畫面驗證
COLONY.TXT:@DUTCH:27	Sid Meier's Colonization (1994).zip	8aa93f219a6166712933bc60e402fe78024df1de821605c3036e1ae14e619867	SMColoni/COLONIZE/COLONY.TXT	2996f8a9d53a7f7a93e4a238bfd2ba727c4cf5cdabc334c4059c6860c9e4ae36	DUTCH	0x0000086F	0x0000099E	13	d79c80bac9d40a558a8350674fe4ffd64f5377b00b21fbfac320f3ab93fdc6fd	Fort Cristina	Fort Cristina		克里斯蒂娜堡（Fort Cristina）	draft	殖民地預設名稱顯示草稿；罕見歷史地名待術語審查，原始名稱與年份只作來源，不是執行期鍵或畫面驗證
COLONY.TXT:@DUTCH:28	Sid Meier's Colonization (1994).zip	8aa93f219a6166712933bc60e402fe78024df1de821605c3036e1ae14e619867	SMColoni/COLONIZE/COLONY.TXT	2996f8a9d53a7f7a93e4a238bfd2ba727c4cf5cdabc334c4059c6860c9e4ae36	DUTCH	0x0000086F	0x000009AD	11	b353b56abb8a98b0bf66528be7a8c86879b736ad3927ff9696b5f54f10373d73	Gottenburgh	Gottenburgh		哥德堡（Gottenburgh）	draft	殖民地預設名稱顯示草稿；罕見歷史地名待術語審查，原始名稱與年份只作來源，不是執行期鍵或畫面驗證
COLONY.TXT:@DUTCH:29	Sid Meier's Colonization (1994).zip	8aa93f219a6166712933bc60e402fe78024df1de821605c3036e1ae14e619867	SMColoni/COLONIZE/COLONY.TXT	2996f8a9d53a7f7a93e4a238bfd2ba727c4cf5cdabc334c4059c6860c9e4ae36	DUTCH	0x0000086F	0x000009BA	14	b83c3447b0f686ac811cf34d5bc3b0a7f56470c98dbce25c01d8752a2b33f63e	Fort Kasimiris	Fort Kasimiris		卡西米里斯堡（Fort Kasimiris）	draft	殖民地預設名稱顯示草稿；罕見歷史地名待術語審查，原始名稱與年份只作來源，不是執行期鍵或畫面驗證
COLONY.TXT:@DUTCH:30	Sid Meier's Colonization (1994).zip	8aa93f219a6166712933bc60e402fe78024df1de821605c3036e1ae14e619867	SMColoni/COLONIZE/COLONY.TXT	2996f8a9d53a7f7a93e4a238bfd2ba727c4cf5cdabc334c4059c6860c9e4ae36	DUTCH	0x0000086F	0x000009CA	15	499196a11de2938715eda390a19658286813183687b50e94fddaefd4478f5b23	Fort Elsenburgh	Fort Elsenburgh		埃爾森堡（Fort Elsenburgh）	draft	殖民地預設名稱顯示草稿；罕見歷史地名待術語審查，原始名稱與年份只作來源，不是執行期鍵或畫面驗證
COLONY.TXT:@DUTCH:31	Sid Meier's Colonization (1994).zip	8aa93f219a6166712933bc60e402fe78024df1de821605c3036e1ae14e619867	SMColoni/COLONIZE/COLONY.TXT	2996f8a9d53a7f7a93e4a238bfd2ba727c4cf5cdabc334c4059c6860c9e4ae36	DUTCH	0x0000086F	0x000009DB	6	d9f381fa5215d7716caad6529441507f9e24f14f3582a9965c59a29f6ace9529	Naiack	Naiack		奈亞克（Naiack）	draft	殖民地預設名稱顯示草稿；罕見歷史地名待術語審查，原始名稱與年份只作來源，不是執行期鍵或畫面驗證
