candidate_id	source_file	source_sha256	byte_offset	source_bytes_sha256	source_byte_length	zh_hant	status	notes
GAME.TXT:0x00000179	GAME.TXT	67a6b5e22d1addc1ae13658d0d7824622f6d21c6c2bfdefc91f9749450cc2e3a	0x00000179	029d736d6451bfb04def64a8d72d15cfa7536ab6dfefaa8f84e1a5fa9e8822ad	43	{殖民帝國} 版本 %STRING0 -- %STRING1	draft	@BEGINMENU;@width=160,@y=91,@smallfont;遊戲中文名稱待定；保留變數與大括號;檔案來源已確認；玩家畫面輸出事件尚未核對；非正式鍵
GAME.TXT:0x000001B0	GAME.TXT	67a6b5e22d1addc1ae13658d0d7824622f6d21c6c2bfdefc91f9749450cc2e3a	0x000001B0	6d3dbc785cd2b8fe343ae1345d6371b637867083e45f7f50f76eb3ee67fec427	25	在新世界開始遊戲	draft	@BEGINMENU;@options;檔案來源及單一主選單輸出事件已確認，見docs/spec/009-first-text-overlay-draft.md；非正式鍵
GAME.TXT:0x000001CB	GAME.TXT	67a6b5e22d1addc1ae13658d0d7824622f6d21c6c2bfdefc91f9749450cc2e3a	0x000001CB	782099aceb126e2838222ad0ee2a3ae68685dad28a55635b8100cb4beac91024	23	在美洲開始遊戲	draft	@BEGINMENU;@options;檔案來源已確認；玩家畫面輸出事件尚未核對；非正式鍵
GAME.TXT:0x000001E4	GAME.TXT	67a6b5e22d1addc1ae13658d0d7824622f6d21c6c2bfdefc91f9749450cc2e3a	0x000001E4	53f104b17bf511a4b66868209f2813b08911e7843a3e48459a5280d1f1a4186e	19	自訂新世界	draft	@BEGINMENU;@options;檔案來源已確認；玩家畫面輸出事件尚未核對；非正式鍵
GAME.TXT:0x000001F9	GAME.TXT	67a6b5e22d1addc1ae13658d0d7824622f6d21c6c2bfdefc91f9749450cc2e3a	0x000001F9	da014f404cd62729bab3f268448925cf4353a1dd8cbb7550ef7f94536aa82edd	9	載入遊戲	draft	@BEGINMENU;@options;檔案來源已確認；玩家畫面輸出事件尚未核對；非正式鍵
GAME.TXT:0x00000204	GAME.TXT	67a6b5e22d1addc1ae13658d0d7824622f6d21c6c2bfdefc91f9749450cc2e3a	0x00000204	f61dea8a3363f5bc34dd9c5eb0815fa85e2760c2c6ef2877125bca1188c6f0a8	17	查看名人堂	draft	@BEGINMENU;@options;名人堂／榮譽榜待術語審查;檔案來源已確認；玩家畫面輸出事件尚未核對；非正式鍵
GAME.TXT:0x000009AC	GAME.TXT	67a6b5e22d1addc1ae13658d0d7824622f6d21c6c2bfdefc91f9749450cc2e3a	0x000009AC	21931f005df70ca36166c9dc669482d06c6aa31e0223558fe333c0a398325bcb	23	選擇歐洲國家	draft	@PICKNATION;@default=1;Power此處擬譯國家，非能力;檔案來源已確認；玩家畫面輸出事件尚未核對；非正式鍵
GAME.TXT:0x000009C7	GAME.TXT	67a6b5e22d1addc1ae13658d0d7824622f6d21c6c2bfdefc91f9749450cc2e3a	0x000009C7	c0ea960b065c6aa6dd567a1a741fa21aee3972692096e158cebb4309a3b2a716	7	英格蘭	draft	@PICKNATION;保留歷史國名，不改英國;檔案來源已確認；玩家畫面輸出事件尚未核對；非正式鍵
GAME.TXT:0x000009D0	GAME.TXT	67a6b5e22d1addc1ae13658d0d7824622f6d21c6c2bfdefc91f9749450cc2e3a	0x000009D0	7a1ca4ef7515f7276bae7230545829c27810c9d9e98ab2c06066bee6270d5153	6	法國	draft	@PICKNATION;檔案來源已確認；玩家畫面輸出事件尚未核對；非正式鍵
GAME.TXT:0x000009D8	GAME.TXT	67a6b5e22d1addc1ae13658d0d7824622f6d21c6c2bfdefc91f9749450cc2e3a	0x000009D8	8ef41e6f4b07432a0cb4eb7a8774e7a3878fd3e385f49aa09b406768467db228	5	西班牙	draft	@PICKNATION;檔案來源已確認；玩家畫面輸出事件尚未核對；非正式鍵
GAME.TXT:0x000009DF	GAME.TXT	67a6b5e22d1addc1ae13658d0d7824622f6d21c6c2bfdefc91f9749450cc2e3a	0x000009DF	3a386c13d283dc2ebbe2aeffc1ab3930d086b28956930d913d8dc58f34c013b7	11	荷蘭	draft	@PICKNATION;荷蘭／尼德蘭待術語審查;檔案來源已確認；玩家畫面輸出事件尚未核對；非正式鍵
GAME.TXT:0x00000A09	GAME.TXT	67a6b5e22d1addc1ae13658d0d7824622f6d21c6c2bfdefc91f9749450cc2e3a	0x00000A09	c2e1e7f82e13d8536f6906e33ac9512b80980efcb2509e84094ba946ea3d4e05	25	選擇難度	draft	@DIFFICULTY;@width=190;不等於已見Choose Difficulty Level字串;檔案來源已確認；玩家畫面輸出事件尚未核對；非正式鍵
GAME.TXT:0x00000A26	GAME.TXT	67a6b5e22d1addc1ae13658d0d7824622f6d21c6c2bfdefc91f9749450cc2e3a	0x00000A26	a9e5dafd62c56e8c3a3c7ed89dd938263a16c2d205bb1cb7735dacafc65820d6	10	發現者	draft	@DIFFICULTY;難度稱號暫譯;檔案來源已確認；玩家畫面輸出事件尚未核對；非正式鍵
GAME.TXT:0x00000A32	GAME.TXT	67a6b5e22d1addc1ae13658d0d7824622f6d21c6c2bfdefc91f9749450cc2e3a	0x00000A32	c39d646f10769b078ae82be4da7a0079ca91182b241e749be4276e08c215c654	8	探險家	draft	@DIFFICULTY;難度稱號暫譯;檔案來源已確認；玩家畫面輸出事件尚未核對；非正式鍵
GAME.TXT:0x00000A3C	GAME.TXT	67a6b5e22d1addc1ae13658d0d7824622f6d21c6c2bfdefc91f9749450cc2e3a	0x00000A3C	5a1447736c024b02e582f3ebea3ef1f1181acc595c8fa99ffd96cddc88390991	12	征服者	draft	@DIFFICULTY;難度稱號暫譯；保留殖民歷史語意;檔案來源已確認；玩家畫面輸出事件尚未核對；非正式鍵
GAME.TXT:0x00000A4A	GAME.TXT	67a6b5e22d1addc1ae13658d0d7824622f6d21c6c2bfdefc91f9749450cc2e3a	0x00000A4A	061a401b2dc95108a2e5e0b038139098630e9a92edfce6ff22970012fe3f7f3a	8	總督	draft	@DIFFICULTY;難度稱號暫譯;檔案來源已確認；玩家畫面輸出事件尚未核對；非正式鍵
GAME.TXT:0x00000A54	GAME.TXT	67a6b5e22d1addc1ae13658d0d7824622f6d21c6c2bfdefc91f9749450cc2e3a	0x00000A54	d41e201554e6f3f1e3df53ae868b5a27549cc562d75271e793cd023bf69510a1	7	副王	draft	@DIFFICULTY;與Governor區分；副王／總督譯名需統一;檔案來源已確認；玩家畫面輸出事件尚未核對；非正式鍵
LABELS.TXT:0x000007CA	LABELS.TXT	e4af0da201eb4df5ecdc2033d711d30f975c752f2967dc97b6a8159004582204	0x000007CA	3c91255fd2bf79ec5e4e405a19afd813b32cb61eef4fae30e914d5ea6502d5d6	9	陸地面積	draft	@MISC;是否意指比例仍待開局流程核對;檔案來源已確認；玩家畫面輸出事件尚未核對；非正式鍵
LABELS.TXT:0x000007D5	LABELS.TXT	e4af0da201eb4df5ecdc2033d711d30f975c752f2967dc97b6a8159004582204	0x000007D5	d1255e0b12fdfc37fa26a6825f18d16d350a79a439bf8a97324944c9a449f376	9	陸地形態	draft	@MISC;檔案來源已確認；玩家畫面輸出事件尚未核對；非正式鍵
LABELS.TXT:0x000007E0	LABELS.TXT	e4af0da201eb4df5ecdc2033d711d30f975c752f2967dc97b6a8159004582204	0x000007E0	b958ce8b871ab36b3ceee0e0f012b6182962b2db7926be0a670149f9fbd00b84	11	氣溫	draft	@MISC;檔案來源已確認；玩家畫面輸出事件尚未核對；非正式鍵
LABELS.TXT:0x000007ED	LABELS.TXT	e4af0da201eb4df5ecdc2033d711d30f975c752f2967dc97b6a8159004582204	0x000007ED	b56901697f36e27829d5e45ca29a8ade5d34323ed0fdc2ae7fd061da2a2b16fa	7	氣候	draft	@MISC;檔案來源已確認；玩家畫面輸出事件尚未核對；非正式鍵
LABELS.TXT:0x000007F6	LABELS.TXT	e4af0da201eb4df5ecdc2033d711d30f975c752f2967dc97b6a8159004582204	0x000007F6	5263293fc202649bdc8135573ac9cd3b0bcea4355e0d8f0a59f1ddeea8eefc15	5	小	draft	@MISC;土地選項候選;檔案來源已確認；玩家畫面輸出事件尚未核對；非正式鍵
LABELS.TXT:0x000007FD	LABELS.TXT	e4af0da201eb4df5ecdc2033d711d30f975c752f2967dc97b6a8159004582204	0x000007FD	5c42afc7a23018d32dcff346792b575bcdf63be118b98a61084b1afac32b93e9	8	中	draft	@MISC;土地選項候選；非難度的一般;檔案來源已確認；玩家畫面輸出事件尚未核對；非正式鍵
LABELS.TXT:0x00000807	LABELS.TXT	e4af0da201eb4df5ecdc2033d711d30f975c752f2967dc97b6a8159004582204	0x00000807	ab80540d98d274565e355f59f0683df6fb23ff86f735a6f8da60020d3ce05d7b	5	大	draft	@MISC;土地選項候選;檔案來源已確認；玩家畫面輸出事件尚未核對；非正式鍵
LABELS.TXT:0x0000080E	LABELS.TXT	e4af0da201eb4df5ecdc2033d711d30f975c752f2967dc97b6a8159004582204	0x0000080E	875b7406b52b0fa20157bae5a1138f04e424f04b29ee2863399bf4228bef0166	11	群島	draft	@MISC;檔案來源已確認；玩家畫面輸出事件尚未核對；非正式鍵
LABELS.TXT:0x0000081B	LABELS.TXT	e4af0da201eb4df5ecdc2033d711d30f975c752f2967dc97b6a8159004582204	0x0000081B	a7248eeb45eb1ce247f81693283e22e8b39e8a50890cecd22d02e75025547d90	6	一般	draft	@MISC;陸地形態候選;檔案來源已確認；玩家畫面輸出事件尚未核對；非正式鍵
LABELS.TXT:0x00000823	LABELS.TXT	e4af0da201eb4df5ecdc2033d711d30f975c752f2967dc97b6a8159004582204	0x00000823	6c048f26d3b8b4732d573286acec978df85a8425760ce5edd5e64f2beefaeae7	10	大陸	draft	@MISC;檔案來源已確認；玩家畫面輸出事件尚未核對；非正式鍵
LABELS.TXT:0x0000082F	LABELS.TXT	e4af0da201eb4df5ecdc2033d711d30f975c752f2967dc97b6a8159004582204	0x0000082F	0b0fd31e2478cff0d3c5bf526a0f8f1c780abfb435eec0a8f2c9beed0eaa6bc4	4	涼冷	draft	@MISC;檔案來源已確認；玩家畫面輸出事件尚未核對；非正式鍵
LABELS.TXT:0x00000835	LABELS.TXT	e4af0da201eb4df5ecdc2033d711d30f975c752f2967dc97b6a8159004582204	0x00000835	c71d2da2fdcb89184ae7e21f1c076e0ceb98a22ff806430ae153a1c72ceecf0e	9	溫和	draft	@MISC;檔案來源已確認；玩家畫面輸出事件尚未核對；非正式鍵
LABELS.TXT:0x00000840	LABELS.TXT	e4af0da201eb4df5ecdc2033d711d30f975c752f2967dc97b6a8159004582204	0x00000840	316f24288be59c8327d0406f2938c59b2eda60426c0f1d2b741b8549fa131e74	4	溫暖	draft	@MISC;檔案來源已確認；玩家畫面輸出事件尚未核對；非正式鍵
LABELS.TXT:0x00000846	LABELS.TXT	e4af0da201eb4df5ecdc2033d711d30f975c752f2967dc97b6a8159004582204	0x00000846	ef9ec5821df8cbd6febc81217aeb4d24ef7e91d64899349242f7e9d6613f8599	4	乾燥	draft	@MISC;檔案來源已確認；玩家畫面輸出事件尚未核對；非正式鍵
LABELS.TXT:0x0000084C	LABELS.TXT	e4af0da201eb4df5ecdc2033d711d30f975c752f2967dc97b6a8159004582204	0x0000084C	a7248eeb45eb1ce247f81693283e22e8b39e8a50890cecd22d02e75025547d90	6	一般	draft	@MISC;氣候候選;檔案來源已確認；玩家畫面輸出事件尚未核對；非正式鍵
LABELS.TXT:0x00000854	LABELS.TXT	e4af0da201eb4df5ecdc2033d711d30f975c752f2967dc97b6a8159004582204	0x00000854	5690f06c3e931ecfe35d3b0f2b44c20618beb2abc5db6af18ac333a5ee423edb	3	潮濕	draft	@MISC;檔案來源已確認；玩家畫面輸出事件尚未核對；非正式鍵
LABELS.TXT:0x00000859	LABELS.TXT	e4af0da201eb4df5ecdc2033d711d30f975c752f2967dc97b6a8159004582204	0x00000859	e1942ad8833e988dadbee8b563896b955a309b7e7474e40fa6730937887a7ec7	19	自訂新世界	draft	@MISC;檔案來源已確認；玩家畫面輸出事件尚未核對；非正式鍵
LABELS.TXT:0x0000086E	LABELS.TXT	e4af0da201eb4df5ecdc2033d711d30f975c752f2967dc97b6a8159004582204	0x0000086E	b8aebf24f5bcc5139bea5a79fac8687020c10b10fc805f29916748e008cfd35e	24	完成後點此	draft	@MISC;可能跨開局畫面共用;檔案來源已確認；玩家畫面輸出事件尚未核對；非正式鍵
LABELS.TXT:0x00000888	LABELS.TXT	e4af0da201eb4df5ecdc2033d711d30f975c752f2967dc97b6a8159004582204	0x00000888	c7f937836f5d82d53bc507752075f87e25009ec11bc9fd4e282f0b645e47af7c	6	選擇	draft	@MISC;片段，需與下一段合成整則;檔案來源已確認；玩家畫面輸出事件尚未核對；非正式鍵
LABELS.TXT:0x00000890	LABELS.TXT	e4af0da201eb4df5ecdc2033d711d30f975c752f2967dc97b6a8159004582204	0x00000890	3504f86078dc2732e579756c3109683c16385aed4080b5358abe9580b6c4005b	16	難度	draft	@MISC;片段，需核對合成事件;檔案來源已確認；玩家畫面輸出事件尚未核對；非正式鍵
LABELS.TXT:0x000008A2	LABELS.TXT	e4af0da201eb4df5ecdc2033d711d30f975c752f2967dc97b6a8159004582204	0x000008A2	1709305c9fa966d14f56f0da3c3614bbc10adcf53d72f90341bb96d24afcfca3	5	等級	draft	@MISC;片段，語境待核對;檔案來源已確認；玩家畫面輸出事件尚未核對；非正式鍵
LABELS.TXT:0x000008A9	LABELS.TXT	e4af0da201eb4df5ecdc2033d711d30f975c752f2967dc97b6a8159004582204	0x000008A9	040ff883e530a54bbfae42af1c34fb5bbf66d3d38c781d1e1adf1779ab3a0dbe	7	最簡單	draft	@MISC;檔案來源已確認；玩家畫面輸出事件尚未核對；非正式鍵
LABELS.TXT:0x000008B2	LABELS.TXT	e4af0da201eb4df5ecdc2033d711d30f975c752f2967dc97b6a8159004582204	0x000008B2	d6915875decb6e43dbf131d2453a2f065d78b915a3d0580777e834b9bf6afafd	4	簡單	draft	@MISC;檔案來源已確認；玩家畫面輸出事件尚未核對；非正式鍵
LABELS.TXT:0x000008B8	LABELS.TXT	e4af0da201eb4df5ecdc2033d711d30f975c752f2967dc97b6a8159004582204	0x000008B8	5c42afc7a23018d32dcff346792b575bcdf63be118b98a61084b1afac32b93e9	8	普通	draft	@MISC;難度候選;檔案來源已確認；玩家畫面輸出事件尚未核對；非正式鍵
LABELS.TXT:0x000008C2	LABELS.TXT	e4af0da201eb4df5ecdc2033d711d30f975c752f2967dc97b6a8159004582204	0x000008C2	96257e809cb5bbaf294f889ba18624a4789ea4b92a2d17f88318804f70c62c98	5	困難	draft	@MISC;檔案來源已確認；玩家畫面輸出事件尚未核對；非正式鍵
LABELS.TXT:0x000008C9	LABELS.TXT	e4af0da201eb4df5ecdc2033d711d30f975c752f2967dc97b6a8159004582204	0x000008C9	fc7c1a9f880a83727952c5ff34fa40aa65f7ee4f1c7d48f46a3abe8f89a666be	8	最困難	draft	@MISC;檔案來源已確認；玩家畫面輸出事件尚未核對；非正式鍵
LABELS.TXT:0x000008D3	LABELS.TXT	e4af0da201eb4df5ecdc2033d711d30f975c752f2967dc97b6a8159004582204	0x000008D3	2a78025de6aae5e7ff88e5a951bb3a78ddd67388913529cf9e2dd9653e62b02d	6	選擇	draft	@MISC;片段，需與下一段合成整則;檔案來源已確認；玩家畫面輸出事件尚未核對；非正式鍵
LABELS.TXT:0x000008DB	LABELS.TXT	e4af0da201eb4df5ecdc2033d711d30f975c752f2967dc97b6a8159004582204	0x000008DB	371fc4334d489b6a196b27c1d12a81844c68d5a98a95acab65aeaf96f1968c44	14	歐洲國家	draft	@MISC;片段，需核對合成事件;檔案來源已確認；玩家畫面輸出事件尚未核對；非正式鍵
NAMES.TXT:0x00000C0C	NAMES.TXT	4bf5ba261f71e9215450801d0ac4b00a66e91b046a3b592516524bea03bd6061	0x00000C0C	a9e5dafd62c56e8c3a3c7ed89dd938263a16c2d205bb1cb7735dacafc65820d6	10	發現者	draft	@DIFFICULTY;與GAME.TXT重複，不可任意選來源;檔案來源已確認；玩家畫面輸出事件尚未核對；非正式鍵
NAMES.TXT:0x00000C18	NAMES.TXT	4bf5ba261f71e9215450801d0ac4b00a66e91b046a3b592516524bea03bd6061	0x00000C18	c39d646f10769b078ae82be4da7a0079ca91182b241e749be4276e08c215c654	8	探險家	draft	@DIFFICULTY;難度稱號暫譯;檔案來源已確認；玩家畫面輸出事件尚未核對；非正式鍵
NAMES.TXT:0x00000C22	NAMES.TXT	4bf5ba261f71e9215450801d0ac4b00a66e91b046a3b592516524bea03bd6061	0x00000C22	5a1447736c024b02e582f3ebea3ef1f1181acc595c8fa99ffd96cddc88390991	12	征服者	draft	@DIFFICULTY;難度稱號暫譯;檔案來源已確認；玩家畫面輸出事件尚未核對；非正式鍵
NAMES.TXT:0x00000C30	NAMES.TXT	4bf5ba261f71e9215450801d0ac4b00a66e91b046a3b592516524bea03bd6061	0x00000C30	061a401b2dc95108a2e5e0b038139098630e9a92edfce6ff22970012fe3f7f3a	8	總督	draft	@DIFFICULTY;難度稱號暫譯;檔案來源已確認；玩家畫面輸出事件尚未核對；非正式鍵
NAMES.TXT:0x00000C3A	NAMES.TXT	4bf5ba261f71e9215450801d0ac4b00a66e91b046a3b592516524bea03bd6061	0x00000C3A	d41e201554e6f3f1e3df53ae868b5a27549cc562d75271e793cd023bf69510a1	7	副王	draft	@DIFFICULTY;需與Governor區分;檔案來源已確認；玩家畫面輸出事件尚未核對；非正式鍵
