en	zh	image	manual_page	category	evidence
Colonization	殖民帝國	Image001.jpg		other	印出對照
	印地安人	Image002.jpg		tribe	僅中文
	文明帝國	Image002.jpg		other	僅中文
	法國	Image002.jpg		nation	僅中文
	英國	Image002.jpg		nation	僅中文
	荷蘭	Image002.jpg		nation	僅中文
	西班牙	Image002.jpg		nation	僅中文
	地圖顯示框	Image006.jpg		menu	僅中文
	墓誌銘	Image006.jpg		concept	僅中文
	新世界	Image006.jpg		concept	僅中文
	新世界景觀	Image006.jpg		menu	僅中文
	榮譽榜	Image006.jpg		concept	僅中文
	特殊資源	Image006.jpg		terrain	僅中文
	資訊欄	Image006.jpg		menu	僅中文
	遊戲選單	Image006.jpg		menu	僅中文
	選單欄	Image006.jpg		menu	僅中文
Choose Your Nationality	選擇祖國國籍	Image006.jpg		menu	印出對照
Date	日期	Image006.jpg		menu	印出對照
Difficulty Levels	遊戲困難度	Image006.jpg		menu	辨識不確定
Map Display	地圖畫面	Image006.jpg		menu	印出對照
Player Turns	遊戲回合	Image006.jpg		concept	印出對照
	人群顯示區	Image007.jpg		menu	僅中文
	傳教士	Image007.jpg		job	僅中文
	僕役	Image007.jpg		job	僅中文
	區域顯示區	Image007.jpg		menu	僅中文
	印地安部落	Image007.jpg		tribe	僅中文
	反叛情緒	Image007.jpg		concept	僅中文
	外國干預	Image007.jpg		concept	僅中文
	外籍軍隊	Image007.jpg		unit	僅中文
	多功能顯示區	Image007.jpg		menu	僅中文
	宗教不穩定	Image007.jpg		concept	僅中文
	戰船	Image007.jpg		ship	僅中文
	歐洲畫面	Image007.jpg		menu	僅中文
	歸化的印地安人	Image007.jpg		unit	僅中文
	港口及庫存區	Image007.jpg		menu	僅中文
	皇家學院	Image007.jpg		concept	僅中文
	皇家正規軍	Image007.jpg		unit	僅中文
	砲台	Image007.jpg		unit	僅中文
	碼頭顯示區	Image007.jpg		menu	僅中文
	自動貿易	Image007.jpg		concept	僅中文
	自由子民	Image007.jpg		concept	僅中文
	自由移民	Image007.jpg		job	僅中文
	自由鐘	Image007.jpg		goods	僅中文
	舊世界	Image007.jpg		concept	僅中文
	課稅與杯葛	Image007.jpg		concept	僅中文
	貨船	Image007.jpg		ship	僅中文
	輕行罪犯	Image007.jpg		job	僅中文
	運輸顯示區	Image007.jpg		menu	僅中文
	領地顯示區	Image007.jpg		menu	僅中文
	建國之父	Image008.jpg		father	僅中文
	鍵盤控制指令	Image008.jpg		menu	僅中文
	顧問報告	Image008.jpg		menu	僅中文
Apache	阿帕契	Image008.jpg		tribe	印出對照
Arawak	阿羅瓦克	Image008.jpg		tribe	印出對照
Aztec	阿茲特克	Image008.jpg		tribe	印出對照
Cherokee	奇洛基	Image008.jpg		tribe	印出對照
Inca	印加	Image008.jpg		tribe	印出對照
Iroquois	埃羅克依	Image008.jpg		tribe	印出對照
Sioux	蘇族	Image008.jpg		tribe	印出對照
Tupi	突比	Image008.jpg		tribe	印出對照
	伐木工人	Image010.jpg	4	job	僅中文
	奴僕	Image010.jpg	4	job	僅中文
	宗師	Image010.jpg	4	job	僅中文
	輕刑罪犯	Image010.jpg	4	job	僅中文
Caravel	輕帆船	Image010.jpg	5	ship	印出對照
Cargo ship	貨船	Image010.jpg	5	ship	印出對照
Carpenter's shop	木匠店	Image010.jpg	4	building	印出對照
Colonies	殖民領地	Image010.jpg	4	concept	印出對照
Crown	皇城	Image010.jpg	5	concept	印出對照
Education	教育	Image010.jpg	4	concept	印出對照
Frigate	快速艦	Image010.jpg	5	ship	印出對照
Galleon	帆船	Image010.jpg	5	ship	印出對照
Gunsmith	槍匠	Image010.jpg	5	job	印出對照
Independent	獨立	Image010.jpg	5	concept	印出對照
Indian Lore	印地安知識	Image010.jpg	5	concept	印出對照
Man-o-war		Image010.jpg	5	ship	僅英文
Merchantmen	商船	Image010.jpg	5	ship	印出對照
Ore	礦產	Image010.jpg	5	goods	印出對照
Privateer	私掠船	Image010.jpg	5	ship	印出對照
Resource	資源	Image010.jpg	4	concept	印出對照
Royal Expeditionary Force	皇家遠征軍	Image010.jpg	5	concept	印出對照
Ships	船	Image010.jpg	5	ship	印出對照
Skills	技能	Image010.jpg	4	concept	印出對照
Taxation	課稅	Image010.jpg	5	concept	印出對照
Town Hall	市政大廳	Image010.jpg	5	building	印出對照
Trade	貿易	Image010.jpg	5	menu	印出對照
Warship	戰船	Image010.jpg	5	ship	印出對照
click	選按	Image011.jpg	6	menu	印出對照
click-and-hold	選按不放	Image011.jpg	6	menu	印出對照
Customize New World		Image011.jpg	7	menu	僅英文
Discovery		Image011.jpg	6	menu	僅英文
drag	拖曳	Image011.jpg	7	menu	印出對照
Game/World Options		Image011.jpg	7	menu	僅英文
Load Game		Image011.jpg	7	menu	僅英文
menu bar	選單欄	Image011.jpg	7	menu	印出對照
opening a menu	打開選單	Image011.jpg	7	menu	印出對照
pressing a button	按下按鈕	Image011.jpg	7	menu	印出對照
right-click	選按右鍵	Image011.jpg	6	menu	印出對照
selecting	選取	Image011.jpg	7	menu	印出對照
Shift-drag	Shift-拖曳	Image011.jpg	7	menu	印出對照
short cut keys	便捷鍵	Image011.jpg	7	menu	印出對照
Start Game in AMERICA		Image011.jpg	7	menu	僅英文
Start Game in NEW WORLD		Image011.jpg	7	menu	僅英文
View Hall of Fame		Image011.jpg	7	menu	僅英文
	拓荒者	Image012.jpg	9	unit	僅中文
	歐洲事務	Image012.jpg	9	concept	僅中文
	殖民地事宜	Image012.jpg	9	concept	僅中文
	荷蘭東印度公司	Image012.jpg	8	other	僅中文
	貨車	Image012.jpg	9	unit	僅中文
Conquistador	征服者	Image012.jpg	8	menu	印出對照
Discoverer	發現者	Image012.jpg	8	menu	印出對照
Dutch Power	荷蘭政權	Image012.jpg	8	nation	印出對照
English Power	英國政權	Image012.jpg	8	nation	印出對照
Explorer	探險家	Image012.jpg	8	menu	印出對照
French Power	法國政權	Image012.jpg	8	nation	印出對照
Governor	州長	Image012.jpg	8	menu	印出對照
Spanish Power	西班牙政權	Image012.jpg	8	nation	印出對照
Viceroy	總督	Image012.jpg	8	menu	印出對照
Your Name		Image012.jpg	9	menu	僅英文
	中止遊戲	Image013.jpg	10	menu	僅中文
	人口分數	Image013.jpg	10	concept	僅中文
	國庫	Image013.jpg	11	concept	僅中文
	大陸議會	Image013.jpg	11	concept	僅中文
	革命加分	Image013.jpg	11	concept	僅中文
	領地分數	Image013.jpg	10	concept	僅中文
liberty bell	自由鐘	Image013.jpg	11	goods	印出對照
retire	退休	Image013.jpg	10	menu	印出對照
settlement	居住地	Image013.jpg	11	concept	印出對照
the Founding Fathers	建國之父	Image013.jpg	11	father	印出對照
goods for sale	商品	Image014.jpg	13	goods	印出對照
Other Order		Image014.jpg	13	menu	僅英文
	移動模式	Image015.jpg	15	concept	僅中文
	觀察模式	Image015.jpg	15	concept	僅中文
area shown in map view	地圖顯示框所在的區域	Image015.jpg	14	menu	印出對照
Find Colony		Image015.jpg	15	menu	僅英文
Grasslands	草原	Image015.jpg	15	terrain	印出對照
information sidebar	資訊欄	Image015.jpg	14	menu	印出對照
map view	地圖顯示框	Image015.jpg	14	menu	印出對照
Marsh	沼地	Image015.jpg	15	terrain	印出對照
new world view	新世界景觀	Image015.jpg	14	menu	印出對照
Plains	平原	Image015.jpg	15	terrain	印出對照
Prairie	牧草草原	Image015.jpg	15	terrain	印出對照
Savannah	熱帶草原	Image015.jpg	15	terrain	印出對照
Swamp	沼澤	Image015.jpg	15	terrain	印出對照
Tundra	凍土	Image015.jpg	15	terrain	印出對照
Arctic	極地	Image016.jpg	16	terrain	印出對照
Desert	沙漠	Image016.jpg	16	terrain	印出對照
Fishery	漁場	Image016.jpg	17	terrain	印出對照
Forested Terrain	森林化地形	Image016.jpg	16	terrain	印出對照
Game Areas	遊獵區	Image016.jpg	16	terrain	印出對照
Hill	丘陵	Image016.jpg	16	terrain	印出對照
Indian Villages, Towns and Cities	印地安部落、城鎮或城市	Image016.jpg	17	tribe	印出對照
Lake	湖	Image016.jpg	16	terrain	印出對照
Major River	主河道	Image016.jpg	16	terrain	印出對照
Mineral Deposits	大礦場	Image016.jpg	16	terrain	印出對照
Mountains	高山	Image016.jpg	16	terrain	印出對照
Oasis	綠洲	Image016.jpg	17	terrain	印出對照
Ocean	海洋	Image016.jpg	16	terrain	印出對照
Ore Deposits	礦區	Image016.jpg	16	terrain	印出對照
Prime Cotton Land	主要棉花產地	Image016.jpg	17	terrain	印出對照
Prime Food Land	主要糧食產地	Image016.jpg	17	terrain	印出對照
Prime Sugar Land	主要糖產地	Image016.jpg	17	terrain	印出對照
Prime Timber Land	主要木材產地	Image016.jpg	17	terrain	印出對照
Prime Tobacco Land	主要煙草產地	Image016.jpg	17	terrain	印出對照
Rivers	河流	Image016.jpg	16	terrain	印出對照
Rumors of Lost Cities	謠傳中的失落古城	Image016.jpg	17	terrain	印出對照
Sea Lane	海道	Image016.jpg	16	terrain	印出對照
Silver Deposits	銀礦	Image016.jpg	16	terrain	印出對照
Trapping Area	捕獸區	Image016.jpg	16	terrain	印出對照
Autosave	自動存檔	Image017.jpg	19	menu	印出對照
Cargo present	儲存的貨物	Image017.jpg	18	menu	印出對照
Colony report Options	領地報告選項	Image017.jpg	19	menu	印出對照
Combat Analysis	戰鬥分析	Image017.jpg	19	menu	印出對照
Date & Treasury	日期與國庫狀況	Image017.jpg	18	menu	印出對照
Declare Independence	宣布獨立	Image017.jpg	19	menu	印出對照
End of Turn	結束回合	Image017.jpg	19	menu	印出對照
Exit	跳出遊戲	Image017.jpg	19	menu	印出對照
Fast Piece Slide	快速移動顯示	Image017.jpg	19	menu	印出對照
Game Options	遊戲選項	Image017.jpg	18	menu	印出對照
Pick Music	選播音樂	Image017.jpg	19	menu	印出對照
Save/Load Game	儲存/叫回遊戲進度	Image017.jpg	19	menu	印出對照
Show Foreign Moves	顯示外國人活動	Image017.jpg	18	menu	印出對照
Show Indian Moves	顯示印地安活動	Image017.jpg	18	menu	印出對照
Sound Options	聲音選項	Image017.jpg	19	menu	印出對照
Terrain Type & Other Features	地形型態和其它特色	Image017.jpg	18	menu	印出對照
Tutorial Help	教學指引	Image017.jpg	19	menu	印出對照
Units present	被選定的人物	Image017.jpg	18	menu	印出對照
View	View 選單	Image017.jpg	19	menu	印出對照
Water Color Cycling	水面波浪條紋	Image017.jpg	19	menu	印出對照
Automating trade	自動貿易	Image018.jpg	20	menu	印出對照
Colonizopedia	殖民百科	Image018.jpg	20	menu	印出對照
Orders	Orders 選單	Image018.jpg	20	menu	印出對照
Reports	Reports 選單	Image018.jpg	20	menu	印出對照
	斥候	Image019.jpg	22	unit	僅中文
	登船	Image019.jpg	23	menu	僅中文
	移動點數	Image019.jpg	22	concept	僅中文
	長程移動	Image019.jpg	23	menu	僅中文
	離船	Image019.jpg	23	menu	僅中文
	馬車隊	Image019.jpg	22	unit	僅中文
carpenter	木匠	Image019.jpg	22	job	印出對照
Fortify	防禦	Image019.jpg	23	menu	印出對照
GO TO	前往	Image019.jpg	23	menu	印出對照
lumberjack	伐木工人	Image019.jpg	22	job	印出對照
number pad	數字鍵	Image019.jpg	23	menu	印出對照
Orders Box	指令盒	Image019.jpg	22	menu	印出對照
petty criminal	罪犯	Image019.jpg	22	job	印出對照
pioneer	先鋒工兵部隊	Image019.jpg	22	unit	印出對照
soldier	士兵	Image019.jpg	22	unit	印出對照
tools	工具	Image019.jpg	22	goods	印出對照
	印地安歸順者	Image020.jpg	24	unit	僅中文
	指定押貨單位	Image020.jpg	25	menu	僅中文
Activate Unit	指定單位	Image020.jpg	24	menu	印出對照
Build Colony	建立領地	Image020.jpg	24	menu	印出對照
Build Road	築路	Image020.jpg	24	menu	印出對照
Clear Land	清理土地	Image020.jpg	24	menu	印出對照
Create Trade Route	建立商路	Image020.jpg	25	menu	印出對照
Delete Trade Route	刪除商路	Image020.jpg	25	menu	印出對照
Disband Unit	解散	Image020.jpg	24	menu	印出對照
Edit Trade Route	重新設定商路	Image020.jpg	25	menu	印出對照
Load	載貨	Image020.jpg	25	menu	印出對照
Plow Fields	灌溉田地	Image020.jpg	24	menu	印出對照
Sentry	警戒	Image020.jpg	24	menu	印出對照
Skip Movement	略過	Image020.jpg	24	menu	印出對照
Unload	卸貨	Image020.jpg	25	menu	印出對照
Wait For Next Unit	等待	Image020.jpg	24	menu	印出對照
	戰鬥力	Image021.jpg	26	concept	僅中文
	砲台單位	Image021.jpg	26	unit	僅中文
	老兵	Image021.jpg	27	job	僅中文
	親英保皇黨	Image021.jpg	27	concept	僅中文
	防禦工事	Image021.jpg	27	concept	僅中文
Attack	攻擊	Image021.jpg	26	menu	印出對照
Continental Army	新大陸軍	Image021.jpg	27	unit	印出對照
Dragoons	龍騎兵	Image021.jpg	26	unit	印出對照
Fort	堡壘	Image021.jpg	27	building	印出對照
Fortress	碉堡	Image021.jpg	27	building	印出對照
Stockade	柵欄	Image021.jpg	27	building	印出對照
	原住民	Image022.jpg	28	tribe	僅中文
	專家	Image022.jpg	29	job	僅中文
	教師	Image022.jpg	29	job	僅中文
	求職所	Image022.jpg	29	concept	僅中文
Clear Specialty	解除專長	Image022.jpg	29	menu	印出對照
college	學院	Image022.jpg	29	building	印出對照
indentured servant	簽約的僕役	Image022.jpg	28	job	印出對照
petty criminal	輕行罪犯	Image022.jpg	28	job	印出對照
recruit	雇用	Image022.jpg	28	menu	印出對照
schoolhouse	學校	Image022.jpg	29	building	印出對照
skilled colonist	擁有技能的人民	Image022.jpg	29	job	印出對照
train	訓練	Image022.jpg	29	menu	印出對照
university	大學	Image022.jpg	29	building	印出對照
	人口增長	Image023.jpg	31	concept	僅中文
	十字架	Image023.jpg	30	concept	僅中文
	印地安知識	Image023.jpg	30	concept	僅中文
	宗教顧問	Image023.jpg	30	menu	僅中文
	牧師	Image023.jpg	30	job	僅中文
	糧倉	Image023.jpg	31	concept	僅中文
	糧食	Image023.jpg	31	goods	僅中文
	雇用人員	Image023.jpg	31	menu	僅中文
Cathedral	大教堂	Image023.jpg	30	building	印出對照
Church	教堂	Image023.jpg	30	building	印出對照
Labor Advisor Report	勞工顧問報告	Image023.jpg	30	menu	印出對照
Live Among the Natives	跟他們一起生活	Image023.jpg	30	menu	印出對照
	城鎮周圍	Image024.jpg	33	concept	僅中文
	建立新殖民地城鎮	Image024.jpg	33	menu	僅中文
	木材	Image024.jpg	32	goods	僅中文
	殖民地畫面	Image024.jpg	33	menu	僅中文
	清除森林	Image024.jpg	33	menu	僅中文
	灌溉	Image024.jpg	33	menu	僅中文
	築路	Image024.jpg	33	menu	僅中文
	高山	Image024.jpg	33	terrain	僅中文
Town Commons	共有地	Image024.jpg	33	concept	印出對照
	印地安領地	Image025.jpg	34	concept	僅中文
	饑荒	Image025.jpg	35	concept	僅中文
Area View	區域顯示區	Image025.jpg	34	menu	印出對照
Crosses	十字架	Image025.jpg	35	concept	印出對照
Excess Food	多餘的糧食	Image025.jpg	35	concept	印出對照
Exit Button	跳出鈕	Image025.jpg	34	menu	印出對照
Liberty Bells	自由鐘	Image025.jpg	35	concept	印出對照
Multifunction View	多功能顯示區	Image025.jpg	34	menu	印出對照
People	群眾	Image025.jpg	35	menu	印出對照
People View	人群顯示區	Image025.jpg	34	menu	印出對照
Settlement View	領地顯示區	Image025.jpg	34	menu	印出對照
Sons of Liberty	自由子民	Image025.jpg	35	concept	印出對照
Sons Of Liberty Membership	自由子民	Image025.jpg	35	concept	印出對照
Tory	保皇黨	Image025.jpg	35	concept	印出對照
Tory Sentiment	保皇黨	Image025.jpg	35	concept	印出對照
Transport View	運輸顯示區	Image025.jpg	34	menu	印出對照
Warehouses	庫存	Image025.jpg	34	menu	印出對照
	地形圖表	Image026.jpg	37	menu	僅中文
	斥侯	Image026.jpg	36	unit	僅中文
	殖民地顧問報告	Image026.jpg	36	menu	僅中文
	滿載	Image026.jpg	36	concept	僅中文
	選定單位	Image026.jpg	36	concept	僅中文
	龍騎兵	Image026.jpg	36	unit	僅中文
Cargo Holds	貨艙	Image026.jpg	36	concept	印出對照
Fisherman	漁夫	Image026.jpg	37	job	印出對照
Fur Trapper	設陷阱捕獵可獲得的毛皮	Image026.jpg	37	job	印出對照
in use by another Colony	與其它領地重疊的部份	Image026.jpg	37	menu	印出對照
never mind	取消	Image026.jpg	37	menu	印出對照
Selected Ship	指定船隻	Image026.jpg	36	menu	印出對照
Settlement	城鎮共有地	Image026.jpg	37	concept	印出對照
Ship	船隻	Image026.jpg	36	ship	印出對照
spoiled	毀壞廢棄	Image026.jpg	37	concept	印出對照
warehouse	倉庫	Image026.jpg	36	building	印出對照
warehouse expansion	擴建	Image026.jpg	36	building	印出對照
	工作選單	Image027.jpg	39	menu	僅中文
	工具	Image027.jpg	38	goods	僅中文
	市政大廳	Image027.jpg	39	building	僅中文
	棉花	Image027.jpg	38	goods	僅中文
	毛皮	Image027.jpg	38	goods	僅中文
	煙草	Image027.jpg	38	goods	僅中文
	甘蔗	Image027.jpg	38	goods	僅中文
	甜酒	Image027.jpg	38	goods	僅中文
	白銀	Image027.jpg	38	goods	僅中文
	皮衣	Image027.jpg	38	goods	僅中文
	礦石	Image027.jpg	38	goods	僅中文
	衣服	Image027.jpg	38	goods	僅中文
	雪茄	Image027.jpg	38	goods	僅中文
	領地的防禦	Image027.jpg	38	concept	僅中文
Blacksmith	鐵匠	Image027.jpg	38	job	印出對照
Cathedral producing Crosses	正在生產十字架的教堂	Image027.jpg	38	menu	印出對照
Clear Specialty	解除專長選項	Image027.jpg	39	menu	印出對照
Dragoon	龍騎兵	Image027.jpg	38	unit	印出對照
job menu	工作列表	Image027.jpg	39	menu	印出對照
Statesman	政治家	Image027.jpg	38	job	印出對照
Tobacconist	煙草商	Image027.jpg	38	job	印出對照
	單位鈕	Image028.jpg	40	menu	僅中文
	單位顯示模式	Image028.jpg	41	menu	僅中文
	建築鈕	Image028.jpg	40	menu	僅中文
	槍枝	Image028.jpg	40	goods	僅中文
	生產鈕	Image028.jpg	40	menu	僅中文
	生產顯示模式	Image028.jpg	40	menu	僅中文
	防禦圖表	Image028.jpg	41	menu	僅中文
	馬匹	Image028.jpg	40	goods	僅中文
Artillery	砲台	Image028.jpg	41	unit	印出對照
Clear Orders	解除命令	Image028.jpg	41	menu	印出對照
colonist	一般居民	Image028.jpg	40	unit	印出對照
Fortify	防禦狀態	Image028.jpg	41	menu	印出對照
Furs	毛皮	Image028.jpg	40	goods	印出對照
Hammers	鎯頭	Image028.jpg	40	goods	印出對照
Horses	馬	Image028.jpg	40	goods	印出對照
Lumber	木材	Image028.jpg	40	goods	印出對照
missionary	傳教士	Image028.jpg	40	unit	印出對照
Move to front row	移到前一排	Image028.jpg	41	menu	印出對照
No Changes	無改變	Image028.jpg	41	menu	印出對照
Ore Miner	礦工	Image028.jpg	41	job	印出對照
pioneer	前鋒	Image028.jpg	40	unit	印出對照
Production Button	生產鈕	Image028.jpg	40	menu	印出對照
Rum	甜酒	Image028.jpg	40	goods	印出對照
Scntry/Board Ship	警戒/登船	Image028.jpg	41	menu	印出對照
scout	斥侯	Image028.jpg	40	unit	印出對照
shortfall	不足額	Image028.jpg	41	concept	印出對照
Shortfalls	不足的部份	Image028.jpg	40	concept	印出對照
Sugar	甘蔗	Image028.jpg	40	goods	印出對照
Units Button	單位鈕	Image028.jpg	41	menu	印出對照
Units present	現有單位	Image028.jpg	41	menu	印出對照
	加快計畫	Image029.jpg	42	concept	僅中文
	原始建築	Image029.jpg	43	building	僅中文
	建築圖表	Image029.jpg	43	menu	僅中文
	建築顯示模式	Image029.jpg	42	menu	僅中文
	變更建設計畫	Image029.jpg	42	concept	僅中文
Blacksmith's House	鐵匠舖	Image029.jpg	43	building	印出對照
Build button	建築鈕	Image029.jpg	42	menu	印出對照
Change	變更鈕	Image029.jpg	42	menu	印出對照
Current Project	目前建設中的設施	Image029.jpg	42	menu	印出對照
Elder Statesman	資深政治家	Image029.jpg	43	job	印出對照
Hammer	鎯頭	Image029.jpg	42	goods	印出對照
Hammers completed	完成的鎯頭數	Image029.jpg	42	menu	印出對照
Tools needed	所需的工具數	Image029.jpg	42	menu	印出對照
	鍊鐵設施	Image030.jpg	45	building	僅中文
	防禦設施	Image030.jpg	45	building	僅中文
Adem Smith	亞當史密斯	Image030.jpg	45	father	印出對照
Blacksmith's Shop	鐵匠店	Image030.jpg	45	building	印出對照
Cigar	雪茄	Image030.jpg	44	goods	印出對照
Distiller's House	蒸餾廠	Image030.jpg	44	building	印出對照
Fur Trader's House	毛皮店舖	Image030.jpg	44	building	印出對照
Ironworks	鍊鐵廠	Image030.jpg	45	building	印出對照
Lumber Mill	木材廠	Image030.jpg	44	building	印出對照
Tobacconist's House	煙草舖	Image030.jpg	44	building	印出對照
Weaver's House	紡織舖	Image030.jpg	44	building	印出對照
	奢侈品工業	Image031.jpg	46	building	僅中文
	教育機構	Image031.jpg	47	building	僅中文
	海事建築	Image031.jpg	47	building	僅中文
	軍火製造設施	Image031.jpg	46	building	僅中文
Adam Smith	亞當史密斯	Image031.jpg	46	father	印出對照
Armory	軍械室	Image031.jpg	46	building	印出對照
Arsenal	兵工廠	Image031.jpg	46	building	印出對照
Cigar Factory	雪茄廠	Image031.jpg	46	building	印出對照
Coat Factory	皮衣廠	Image031.jpg	46	building	印出對照
distiller's house	釀酒舖	Image031.jpg	46	building	印出對照
Dock	碼頭	Image031.jpg	47	building	印出對照
Dry Dock	乾船塢	Image031.jpg	47	building	印出對照
fur trader's house	皮衣舖	Image031.jpg	46	building	印出對照
Magazine	彈藥庫	Image031.jpg	46	building	印出對照
Shipyard	造船場	Image031.jpg	47	building	印出對照
Shipyard	造船廠	Image031.jpg	47	building	印出對照
Sugar Refinery	煉糖廠	Image031.jpg	46	building	印出對照
Textile Mill	紡織廠	Image031.jpg	46	building	印出對照
weaver's house	製衣舖	Image031.jpg	46	building	印出對照
	倉庫及改建	Image032.jpg	48	building	僅中文
	宗教建築	Image032.jpg	48	building	僅中文
	技能圖表	Image032.jpg	48	menu	僅中文
	政治活動	Image032.jpg	49	building	僅中文
	革命期間的自由子民	Image032.jpg	49	concept	僅中文
Clear Specialty	清除技能	Image032.jpg	48	menu	印出對照
Custom House	海關	Image032.jpg	49	building	印出對照
Newspaper	報社	Image032.jpg	49	building	印出對照
Peter Stuyvesant	彼德史杜文生	Image032.jpg	49	father	印出對照
Printing Press	印刷廠	Image032.jpg	49	building	印出對照
Stable	馬廄	Image032.jpg	48	building	印出對照
	召募及雇用人員	Image033.jpg	51	menu	僅中文
	國王	Image033.jpg	51	concept	僅中文
	大西洋	Image033.jpg	51	terrain	僅中文
	太平洋	Image033.jpg	51	terrain	僅中文
	往返歐洲	Image033.jpg	51	concept	僅中文
	祖國	Image033.jpg	51	concept	僅中文
	變更航向	Image033.jpg	51	menu	僅中文
	離開碼頭	Image033.jpg	51	menu	僅中文
Bound for New World	航向新世界	Image033.jpg	51	menu	印出對照
Expected Soon	即將到達	Image033.jpg	51	menu	印出對照
	出售貨物	Image034.jpg	53	menu	僅中文
	歐洲狀態鈕	Image034.jpg	52	menu	僅中文
	歐洲的經濟	Image034.jpg	53	concept	僅中文
	現行稅率	Image034.jpg	53	concept	僅中文
	純益	Image034.jpg	53	concept	僅中文
	貨物的買賣	Image034.jpg	53	concept	僅中文
	購買貨物	Image034.jpg	53	menu	僅中文
ask	向對方詢價	Image034.jpg	53	concept	印出對照
bid	對方的出價	Image034.jpg	53	concept	印出對照
Docks	碼頭	Image034.jpg	52	menu	印出對照
En route to New World	往新世界途中	Image034.jpg	52	menu	印出對照
Harbor View	港口顯示區	Image034.jpg	52	menu	印出對照
Transaction Monitor	執行監視區	Image034.jpg	52	menu	印出對照
Transit Boxes	運輸顯示框	Image034.jpg	52	menu	印出對照
Warehouses	庫存區	Image034.jpg	52	menu	印出對照
	新世界的戰鬥	Image035.jpg	55	concept	僅中文
	海上武力與衝突	Image035.jpg	55	concept	僅中文
	經濟顧問報告	Image035.jpg	54	menu	僅中文
	購買船隻和砲台	Image035.jpg	55	menu	僅中文
Bless as Missionary	指派為傳教士	Image035.jpg	55	menu	印出對照
Don't Get on Next Ship	不要上船	Image035.jpg	54	menu	印出對照
Equip with Horses	配備馬匹	Image035.jpg	55	menu	印出對照
Equip with Muskets	配備槍枝	Image035.jpg	54	menu	印出對照
Equip with Tools	配備工具	Image035.jpg	55	menu	印出對照
Get on Next Ship	上船	Image035.jpg	54	menu	印出對照
Move to Front of Docks	排到最前面	Image035.jpg	54	menu	印出對照
Sell Horses	出售馬匹	Image035.jpg	55	menu	印出對照
Sell Muskets	出售槍枝	Image035.jpg	55	menu	印出對照
Sell Tools	出售工具	Image035.jpg	55	menu	印出對照
	原住民與外國勢力	Image036.jpg	57	concept	僅中文
	勇士	Image037.jpg	58	unit	僅中文
	外國勢力	Image037.jpg	58	concept	僅中文
	與印地安人相處	Image037.jpg	58	concept	僅中文
	酋長	Image037.jpg	58	unit	僅中文
Indian Advisor	印地安顧問	Image037.jpg	58	menu	印出對照
REPORT	REPORT 選單	Image037.jpg	58	menu	印出對照
	印地安人的憤怒與警戒	Image038.jpg	61	concept	僅中文
	印地安圖騰柱	Image038.jpg	61	concept	僅中文
	印地安土地	Image038.jpg	61	concept	僅中文
	印地安城市	Image038.jpg	60	concept	僅中文
	印地安村莊	Image038.jpg	60	concept	僅中文
	印地安營區	Image038.jpg	60	concept	僅中文
	城市、村莊與營區	Image038.jpg	60	concept	僅中文
	失落文明的謠傳地點	Image038.jpg	61	concept	僅中文
	激怒原住民	Image038.jpg	61	concept	僅中文
	破壞墓地	Image038.jpg	61	concept	僅中文
	索求貢物	Image038.jpg	61	menu	僅中文
	警戒態度	Image038.jpg	61	concept	僅中文
	部落首都	Image038.jpg	61	concept	僅中文
	印地安經濟	Image039.jpg	63	concept	僅中文
	外國傳教士	Image039.jpg	63	concept	僅中文
	大砲	Image039.jpg	63	unit	僅中文
	廉價珠寶	Image039.jpg	63	goods	僅中文
	與印地安人接觸	Image039.jpg	63	concept	僅中文
	與印地安人進行貿易	Image039.jpg	63	concept	僅中文
	部落憤怒的控制	Image039.jpg	62	concept	僅中文
	部落的警戒	Image039.jpg	62	concept	僅中文
	驚嚇	Image039.jpg	62	concept	僅中文
Establish Missions	傳教	Image039.jpg	62	menu	印出對照
	不安的原住民	Image040.jpg	64	concept	僅中文
	利用斥侯充當特使	Image040.jpg	64	concept	僅中文
	喊價	Image040.jpg	64	menu	僅中文
	寶藏	Image040.jpg	65	unit	僅中文
	憤怒的原住民	Image040.jpg	64	concept	僅中文
	當作禮物	Image040.jpg	64	menu	僅中文
	載運寶藏的車隊	Image040.jpg	65	unit	僅中文
	進行貿易	Image040.jpg	64	concept	僅中文
	運財車	Image040.jpg	65	unit	僅中文
Ask to Speak with Chief	求見酋長	Image040.jpg	64	menu	印出對照
Asking to Speak with Chief	求見酋長	Image040.jpg	65	menu	印出對照
Attack Village	進行攻擊	Image040.jpg	65	menu	印出對照
Demanding Tribute	索求貢金	Image040.jpg	65	menu	印出對照
Expert Missionaries	專業傳教士	Image040.jpg	65	job	印出對照
Living Among the Natives	與原住民同住	Image040.jpg	65	menu	印出對照
Ordaning Missionaries	指派為傳教士	Image040.jpg	65	menu	印出對照
tell tales of nearby lands	附近地區的故事	Image040.jpg	65	concept	印出對照
	印地安戰爭	Image041.jpg	66	concept	僅中文
	與其它殖民強權打交道	Image041.jpg	67	concept	僅中文
Denouncing as Heresy	排除異端	Image041.jpg	66	menu	印出對照
Establishing a Mission	從事傳教	Image041.jpg	66	menu	印出對照
Foreign Affairs Advisor	外國事務顧問	Image041.jpg	67	menu	印出對照
Inciting Indians	進行挑撥	Image041.jpg	66	menu	印出對照
Naval Advisor	海事顧問	Image041.jpg	67	menu	印出對照
	和平協定	Image042.jpg	69	concept	僅中文
	外交事務	Image042.jpg	69	concept	僅中文
	封鎖碼頭	Image042.jpg	68	concept	僅中文
	征服與外交	Image042.jpg	69	concept	僅中文
	戰爭	Image042.jpg	69	concept	僅中文
	海上單位圖表	Image042.jpg	68	menu	僅中文
	海戰	Image042.jpg	68	concept	僅中文
	獨立戰爭	Image042.jpg	68	concept	僅中文
Frigates	快速艦	Image042.jpg	68	ship	印出對照
Mayor	市長	Image042.jpg	69	concept	印出對照
Privateers	私掠船	Image042.jpg	68	ship	印出對照
slip past	偷偷溜過去	Image042.jpg	68	concept	印出對照
zone of patrol	巡查勢力範圍	Image042.jpg	68	concept	印出對照
	國家獨立	Image043.jpg	71	concept	僅中文
	士兵	Image043.jpg	70	unit	僅中文
	殖民地貿易	Image043.jpg	70	concept	僅中文
	談判	Image043.jpg	70	concept	僅中文
Jan de Witt		Image043.jpg	70	father	僅英文
Mercenaries	外籍傭兵	Image043.jpg	70	concept	印出對照
veteran	老手	Image043.jpg	70	concept	印出對照
	保皇黨	Image044.jpg	73	concept	僅中文
	帆船	Image044.jpg	72	ship	僅中文
	快速艦	Image044.jpg	72	ship	僅中文
	提升緊張	Image044.jpg	72	concept	僅中文
	生產力的獎勵	Image044.jpg	73	concept	僅中文
back taxes	積欠稅款	Image044.jpg	72	concept	印出對照
boycott	杯葛	Image044.jpg	72	concept	印出對照
Continental Congress Report	大陸議會報告	Image044.jpg	72	menu	印出對照
Discoveror	發現者	Image044.jpg	73	concept	印出對照
Founding Fathers	建國之父	Image044.jpg	72	father	印出對照
Jakob Fugger		Image044.jpg	73	father	僅英文
Penalty	生產力的懲罰	Image044.jpg	73	concept	印出對照
rebel sentiment	反叛情緒	Image044.jpg	72	concept	印出對照
REPORTS		Image044.jpg	73	menu	僅英文
	宣布獨立並贏得勝利	Image045.jpg	74	concept	僅中文
	戰鬥強度圖表	Image045.jpg	75	menu	僅中文
	盟國	Image045.jpg	75	concept	僅中文
ambush	伏襲	Image045.jpg	75	concept	印出對照
Bombardment	沿岸砲轟	Image045.jpg	75	concept	印出對照
Continental Army	大陸軍隊	Image045.jpg	74	unit	印出對照
Exploration	探索	Image045.jpg	74	concept	印出對照
Military	軍事	Image045.jpg	74	concept	印出對照
Political	政治	Image045.jpg	74	concept	印出對照
Religious	宗教	Image045.jpg	74	concept	印出對照
	勝利或失敗	Image046.jpg	76	concept	僅中文
	國民兵	Image046.jpg	77	unit	僅中文
	建國之父的理念和其影響力	Image046.jpg	77	concept	僅中文
	海盜船	Image046.jpg	77	ship	僅中文
Francis Drake		Image046.jpg	77	father	僅英文
Hernan Cortes		Image046.jpg	77	father	僅英文
John Paul Jones		Image046.jpg	77	father	僅英文
Men of War	戰船	Image046.jpg	76	ship	印出對照
Men-o-war	戰船	Image046.jpg	76	ship	印出對照
Paul Revere		Image046.jpg	77	father	僅英文
	外國事務報告	Image047.jpg	79	menu	僅中文
	政治家	Image047.jpg	78	job	僅中文
Adam Smith		Image047.jpg	79	father	僅英文
Age of Reason	理性時代	Image047.jpg	78	other	印出對照
Benjamin Franklin	班哲明佛蘭克林	Image047.jpg	78	father	印出對照
Common Sense	常識	Image047.jpg	78	other	印出對照
George Washington	喬治華盛頓	Image047.jpg	78	father	印出對照
New Amsterdam	新阿姆斯特丹	Image047.jpg	79	other	印出對照
Peter Minuit		Image047.jpg	79	father	僅英文
Peter Stuyvesant		Image047.jpg	79	father	僅英文
Philadelphia	費城	Image047.jpg	78	other	印出對照
Pocahontas		Image047.jpg	79	father	僅英文
Rights of Man	人權	Image047.jpg	78	other	印出對照
Simon Bolivar		Image047.jpg	78	father	僅英文
Thomas Jefferson	傑佛遜	Image047.jpg	78	father	印出對照
Thomas Paine		Image047.jpg	78	father	僅英文
	地形方格	Image048.jpg	81	concept	僅中文
	專業級的傳教士	Image048.jpg	80	job	僅中文
	已歸化的印地安人	Image048.jpg	80	unit	僅中文
	柵欄	Image048.jpg	81	building	僅中文
	罪犯	Image048.jpg	80	job	僅中文
	賀蘭人	Image048.jpg	80	tribe	辨識不確定
Bartolome de Las Casas		Image048.jpg	80	father	僅英文
Father Jean de Brebeuf		Image048.jpg	80	father	僅英文
Ferdinand Magellan	麥哲倫	Image048.jpg	81	father	印出對照
Francisco de Coronado		Image048.jpg	81	father	僅英文
Henry Hudson	哈德遜	Image048.jpg	81	father	印出對照
Hernando de Soto		Image048.jpg	81	father	僅英文
Juan de Sepulveda		Image048.jpg	80	father	僅英文
Sieur de La Salle		Image048.jpg	81	father	僅英文
William Brewster		Image048.jpg	80	father	僅英文
William Penn		Image048.jpg	80	father	僅英文
	殖民政權	Image049.jpg	83	concept	僅中文
	葡萄牙	Image049.jpg	83	nation	僅中文
recoquista	重征戰役	Image049.jpg	83	other	印出對照
	印加	Image050.jpg	84	tribe	僅中文
	阿茲特克	Image050.jpg	84	tribe	僅中文
	糖	Image051.jpg	86	goods	僅中文
Gulf of St. Lawrence	聖羅倫斯灣	Image051.jpg	87	other	印出對照
Huguenot	雨格諾新教徒	Image051.jpg	87	other	印出對照
Jacksonville	傑克遜維爾	Image051.jpg	87	other	印出對照
Potosi	波多悉	Image051.jpg	87	other	印出對照
St. Augustine	聖奧古斯汀	Image051.jpg	87	other	印出對照
Haiti	海地	Image052.jpg	89	other	印出對照
the Company of New France	新法蘭西公司	Image052.jpg	88	other	印出對照
Albany	阿伯尼	Image053.jpg	91	other	印出對照
Curacao Islands	古拉索群島	Image053.jpg	91	other	印出對照
Delaware River	德拉威河	Image053.jpg	90	other	印出對照
Fort Orange	橘堡	Image053.jpg	91	other	印出對照
Henry Hudson	亨利哈德遜	Image053.jpg	90	father	印出對照
Mohawk	摩霍克	Image053.jpg	91	other	印出對照
Piet Heyn	皮耶海因	Image053.jpg	90	other	印出對照
Staten Island	斯塔頓島	Image053.jpg	91	other	印出對照
	原住民部落	Image054.jpg	92	concept	僅中文
	埃羅克依	Image054.jpg	93	tribe	僅中文
	奇洛基	Image054.jpg	93	tribe	僅中文
	突比	Image054.jpg	93	tribe	僅中文
	蘇族	Image054.jpg	93	tribe	僅中文
	阿帕契	Image054.jpg	93	tribe	僅中文
Indians	印地安人	Image054.jpg	92	concept	印出對照
Indies	印度	Image054.jpg	92	other	印出對照
Tainhos	坦霍人	Image054.jpg	93	other	印出對照
City-State	城邦	Image055.jpg	95	other	印出對照
Mexicas		Image055.jpg	95	other	僅英文
tobacco	煙草	Image055.jpg	94	goods	印出對照
Vera Cruz	委拉克路斯	Image055.jpg	95	other	印出對照
Bazilwood	巴西蘇木	Image057.jpg	98	other	印出對照
Finger Lakes	手指湖	Image057.jpg	99	other	印出對照
Hurons	休倫族	Image057.jpg	99	other	印出對照
Iroquois Confederacy	埃羅克依邦聯	Image057.jpg	99	other	印出對照
longhouses	長屋	Image057.jpg	99	other	印出對照
Pontiac's war	龐地亞克戰爭	Image057.jpg	99	other	印出對照
trade goods	交易商品	Image057.jpg	98	goods	印出對照
Lord Jeffery Amherst	傑佛利安姆斯特	Image058.jpg	100	other	印出對照
President Andrew Jackson	安德魯傑克遜總統	Image058.jpg	101	other	印出對照
Battle of Little Big Horn	小巨角之役	Image059.jpg	102	other	印出對照
Black Hill	黑丘陵	Image059.jpg	102	other	印出對照
counting coup	擊中數	Image059.jpg	102	other	印出對照
Crazy Horse	瘋馬	Image059.jpg	102	other	印出對照
Grorge Custer	喬治卡斯特	Image059.jpg	102	other	印出對照
Hunkpapa	杭巴巴	Image059.jpg	102	other	印出對照
Oglala	歐拉拉	Image059.jpg	102	other	印出對照
Pueblos	普埃布羅族	Image059.jpg	103	other	印出對照
Red Cloud	紅雲	Image059.jpg	102	other	印出對照
Siouan	蘇族語	Image059.jpg	102	other	印出對照
Sitting Bull	坐牛	Image059.jpg	102	other	印出對照
Wounded Knee	殘膝之役	Image059.jpg	102	other	印出對照
	切換多功能顯示模式	Image060.jpg	105	menu	僅中文
	切換生產量之數字顯示	Image060.jpg	105	menu	僅中文
	前往	Image060.jpg	105	menu	僅中文
	勞工顧問報告	Image060.jpg	105	menu	僅中文
	印地安顧問報告	Image060.jpg	105	menu	僅中文
	卸下最有價值的貨物	Image060.jpg	105	menu	僅中文
	卸下貨物	Image060.jpg	105	menu	僅中文
	在某顯示模式中移動	Image060.jpg	105	menu	僅中文
	在模式間切換	Image060.jpg	105	menu	僅中文
	外國事務顧問報告	Image060.jpg	105	menu	僅中文
	大陸議會顧問報告	Image060.jpg	105	menu	僅中文
	宗教顧問報告	Image060.jpg	105	menu	僅中文
	將指定單位置於地圖中央	Image060.jpg	105	menu	僅中文
	建立殖民領地	Image060.jpg	105	menu	僅中文
	打開工作選單	Image060.jpg	105	menu	僅中文
	打開建築選單	Image060.jpg	105	menu	僅中文
	放大地圖	Image060.jpg	105	menu	僅中文
	此回合不作動作	Image060.jpg	105	menu	僅中文
	海事顧問報告	Image060.jpg	105	menu	僅中文
	移動指定單位	Image060.jpg	105	menu	僅中文
	等待下個單位	Image060.jpg	105	menu	僅中文
	縮小地圖	Image060.jpg	105	menu	僅中文
	裝載最具價值的貨物	Image060.jpg	105	menu	僅中文
	裝載最有價值的貨物	Image060.jpg	105	menu	僅中文
	裝載選定貨物到指定貨艙	Image060.jpg	105	menu	僅中文
	裝載部份貨物到指定貨艙	Image060.jpg	105	menu	僅中文
	觀察地形資料	Image060.jpg	105	menu	僅中文
	解散/刪除單位	Image060.jpg	105	menu	僅中文
	購買建築	Image060.jpg	105	menu	僅中文
	跳出此畫面	Image060.jpg	105	menu	僅中文
	跳出遊戲/選單/畫面	Image060.jpg	105	menu	僅中文
	進入歐洲畫面	Image060.jpg	105	menu	僅中文
	進入移動模式	Image060.jpg	105	menu	僅中文
	進入觀察模式	Image060.jpg	105	menu	僅中文
	進入警戒狀態	Image060.jpg	105	menu	僅中文
	進入防禦狀態	Image060.jpg	105	menu	僅中文
	遊戲計分報告	Image060.jpg	105	menu	僅中文
	選定指定單位	Image060.jpg	105	menu	僅中文
	領地畫面	Image060.jpg	105	menu	僅中文
	領地顧問報告	Image060.jpg	105	menu	僅中文
	顯示單位模式畫面	Image060.jpg	105	menu	僅中文
	顯示建築模式畫面	Image060.jpg	105	menu	僅中文
	顯示指定項目之資訊	Image060.jpg	105	menu	僅中文
	顯示生產模式畫面	Image060.jpg	105	menu	僅中文
	顯示隱藏地形	Image060.jpg	105	menu	僅中文
	出售所有貨物	Image061.jpg	106	menu	僅中文
	出售部份貨物	Image061.jpg	106	menu	僅中文
	在某顯示框中移動	Image061.jpg	106	menu	僅中文
	在顯示框間切換	Image061.jpg	106	menu	僅中文
	打開人員的選單	Image061.jpg	106	menu	僅中文
	打開船隻的選單	Image061.jpg	106	menu	僅中文
	查閱選定項目的資訊	Image061.jpg	106	menu	僅中文
	購買指定貨物	Image061.jpg	106	menu	僅中文
	購買部份指定貨物	Image061.jpg	106	menu	僅中文
PURCHASE		Image061.jpg	106	menu	僅英文
RECRUIT		Image061.jpg	106	menu	僅英文
TRAIN		Image061.jpg	106	menu	僅英文
	快速入門與英文速查手冊	Image062.jpg		other	僅中文
	美麗新世界	Image062.jpg		other	僅中文
	世界奇觀	Image063.jpg	QS-2	concept	僅中文
	印刷廠	Image063.jpg	QS-2	building	僅中文
	堡壘	Image063.jpg	QS-2	building	僅中文
	報紙	Image063.jpg	QS-2	building	僅中文
	大學	Image063.jpg	QS-2	building	僅中文
	學校	Image063.jpg	QS-2	building	僅中文
	學院	Image063.jpg	QS-2	building	僅中文
	工廠	Image063.jpg	QS-2	building	僅中文
	碉堡	Image063.jpg	QS-2	building	僅中文
	鐵路大亨	Image063.jpg	QS-1	other	僅中文
	青春之泉	Image063.jpg	QS-2	concept	僅中文
Choose Difficulty Level	選擇難度等級	Image064.jpg	4	menu	印出對照
Conquest	征服	Image064.jpg	4	concept	印出對照
Cooperation	合作	Image064.jpg	4	concept	印出對照
ENGLAND	英國	Image064.jpg	4	nation	印出對照
FRANCE	法國	Image064.jpg	4	nation	印出對照
Immigration	移民	Image064.jpg	4	concept	印出對照
NETHERLANDS	荷蘭	Image064.jpg	4	nation	印出對照
Select European Power	選擇您所代表的歐洲政權	Image064.jpg	4	menu	印出對照
SPAIN	西班牙	Image064.jpg	4	nation	印出對照
View Hall of Fame	觀看遊戲的得分排行榜	Image064.jpg	4	menu	印出對照
	前鋒	Image065.jpg	5	unit	僅中文
	日期與國庫狀況	Image065.jpg	6	menu	僅中文
	開路先鋒	Image065.jpg	5	unit	僅中文
Active Unit	指定單位	Image065.jpg	5	concept	印出對照
Make Landfall	登陸	Image065.jpg	5	menu	印出對照
MEETING THE NATIVES	碰到原住民	Image065.jpg	6	concept	印出對照
Ore	礦石	Image065.jpg	6	goods	印出對照
Wagon Train	運貨列車	Image065.jpg	6	unit	印出對照
	木匠屋	Image066.jpg	8	building	僅中文
	議事廳	Image066.jpg	8	building	僅中文
	釀酒專家	Image066.jpg	8	job	僅中文
	釀酒廠	Image066.jpg	8	building	僅中文
	錢幣	Image066.jpg	8	goods	僅中文
Grasslands	草原(煙草地)	Image066.jpg	7	terrain	印出對照
Plains	平原(糧食地)	Image066.jpg	7	terrain	印出對照
Prairie	牧草草原(棉花地)	Image066.jpg	7	terrain	印出對照
Savannah	熱帶草原(糖地)	Image066.jpg	7	terrain	印出對照
	伐木工	Image067.jpg	9	job	僅中文
	設施圖表	Image067.jpg	10	menu	僅中文
	農夫	Image067.jpg	9	job	僅中文
	酒廠	Image067.jpg	10	building	僅中文
	鉚頭	Image067.jpg	10	goods	僅中文
	領地設施圖表	Image067.jpg	10	menu	僅中文
Coats	皮衣	Image067.jpg	10	goods	印出對照
London	倫敦	Image067.jpg	9	other	印出對照
	獨立意識	Image068.jpg	11	concept	僅中文
	製槍廠	Image068.jpg	11	building	僅中文
	印地安人的憤怒	Image069.jpg	14	concept	僅中文
Scouts	斥候	Image069.jpg	13	unit	印出對照
Seasoned Scouts	斥候	Image069.jpg	13	job	印出對照
Wagon Train	貨車	Image069.jpg	14	unit	印出對照
Active	待命中，指定的	Image070.jpg	16	concept	印出對照
Admiral	上將，將軍	Image070.jpg	16	other	印出對照
Age Of Discovery	拓荒時期	Image070.jpg	16	concept	印出對照
Age Of Expansion	擴張時期	Image070.jpg	16	concept	印出對照
Alliance	聯盟	Image070.jpg	16	concept	印出對照
Amazon	亞馬遜	Image070.jpg	16	other	印出對照
Ambassador	大使	Image070.jpg	16	other	印出對照
America	美洲，美國	Image070.jpg	16	other	印出對照
Amsterdam	地名-阿姆斯特丹	Image070.jpg	16	other	印出對照
Andes	安地斯山脈	Image070.jpg	16	other	印出對照
Antilles	安地列斯群島	Image070.jpg	16	other	印出對照
Vetran Soldier	老手士兵	Image070.jpg	15	job	印出對照
Archery	弓箭隊，弓箭手	Image071.jpg	17	unit	印出對照
Armada	大艦隊	Image071.jpg	17	concept	印出對照
Army	陸軍，軍隊	Image071.jpg	17	concept	印出對照
Backwoods	荒地	Image071.jpg	17	terrain	印出對照
Baltic Sea	地名-波羅的海	Image071.jpg	17	other	印出對照
Barbados	地名-巴貝多	Image071.jpg	17	other	印出對照
Blockade	封鎖	Image071.jpg	17	concept	印出對照
Bombardment	砲轟	Image071.jpg	17	concept	印出對照
Brave	勇敢，勇士	Image071.jpg	17	unit	印出對照
British	英國	Image071.jpg	17	nation	印出對照
Building View	建築顯示模式	Image071.jpg	17	menu	印出對照
Buildings Menu	建築物列表	Image071.jpg	17	menu	印出對照
Bujilding Chart	建築圖表	Image071.jpg	17	menu	印出對照
Bull	教皇?書	Image071.jpg	17	other	辨識不確定
Buy Button	購買鈕	Image071.jpg	17	menu	印出對照
Camp	營地	Image071.jpg	17	concept	印出對照
Capital	首都，國會，洲議會	Image071.jpg	17	concept	印出對照
Cargo	貨物	Image071.jpg	17	goods	印出對照
Carib	加勒比人	Image071.jpg	17	tribe	印出對照
Catechism	宗教教義問答集	Image071.jpg	18	other	印出對照
Change Button	變更鈕	Image071.jpg	18	menu	印出對照
Chesapeake	地名-卻沙比克	Image071.jpg	18	other	印出對照
Chief	酋長	Image071.jpg	18	concept	印出對照
Chieftain	首領	Image071.jpg	18	concept	印出對照
Cibola	地名-錫伯拉	Image071.jpg	18	other	印出對照
Citadel	城堡	Image071.jpg	18	building	印出對照
Cloths	衣服	Image071.jpg	18	goods	印出對照
Coat	皮衣，外套	Image071.jpg	18	goods	印出對照
Colonies	殖民地	Image071.jpg	18	concept	印出對照
Colonist	殖民地居民	Image071.jpg	18	unit	印出對照
Colony	殖民領地，城鎮	Image071.jpg	18	concept	印出對照
Colony Display	殖民地畫面	Image071.jpg	18	menu	印出對照
Columbus	人名、地名-哥倫布	Image071.jpg	18	other	印出對照
Combat Strengths Chart	戰鬥力圖表	Image071.jpg	18	menu	印出對照
Commander	指揮官	Image071.jpg	18	concept	印出對照
Common Sense	書名-常識	Image071.jpg	18	other	印出對照
Constitution	憲法	Image071.jpg	18	concept	印出對照
Construction View	建築顯示模式	Image071.jpg	18	menu	印出對照
Continental	大陸的	Image071.jpg	18	concept	印出對照
Continental Congress	大陸議會	Image071.jpg	18	concept	印出對照
Corn	玉米	Image071.jpg	18	goods	印出對照
Cottage	茅舍，村舍	Image071.jpg	18	concept	印出對照
Council	議會	Image071.jpg	18	concept	印出對照
Crown	皇城，皇室	Image071.jpg	18	concept	印出對照
Crusade	十字軍	Image071.jpg	18	concept	印出對照
Deforestation	砍伐森林	Image072.jpg	19	concept	印出對照
Denmark	地外-丹麥	Image072.jpg	19	other	印出對照
Dessenter	異議人士	Image072.jpg	19	concept	印出對照
Disembark	離船	Image072.jpg	19	menu	印出對照
Distiller	釀酒人	Image072.jpg	19	job	印出對照
Distillery	蒸餾所，釀酒廠	Image072.jpg	19	building	印出對照
Elizabethan	英國伊莉莎白女皇	Image072.jpg	19	other	印出對照
Embark	登船	Image072.jpg	19	menu	印出對照
Emigration	移民，移居	Image072.jpg	19	concept	印出對照
Emissary	特使，間諜	Image072.jpg	19	concept	印出對照
Emperor	皇帝	Image072.jpg	19	concept	印出對照
Empire	帝國，王國	Image072.jpg	19	concept	印出對照
En Route	在途中	Image072.jpg	19	concept	印出對照
England	地名-英國	Image072.jpg	19	nation	印出對照
Expeditionary	遠征軍	Image072.jpg	20	concept	印出對照
Factory	工廠	Image072.jpg	20	building	印出對照
Fame	名聲	Image072.jpg	20	concept	印出對照
Farming	耕種	Image072.jpg	20	concept	印出對照
Fence	柵欄，圍牆	Image072.jpg	20	building	印出對照
Fishermen	漁夫	Image072.jpg	20	job	印出對照
Fishing Bed	魚床，魚場	Image072.jpg	20	terrain	印出對照
Food	食物	Image072.jpg	20	goods	印出對照
Foreign Intervention	外國干預	Image072.jpg	20	concept	印出對照
Forest	森林	Image072.jpg	20	terrain	印出對照
Fortification	築城，防禦工事	Image072.jpg	20	building	印出對照
Founding Father	建國之父	Image072.jpg	20	father	印出對照
Fountain Of Youth	青春之泉	Image072.jpg	20	concept	印出對照
France	地名-法國	Image072.jpg	20	nation	印出對照
Free Colonist	自由移民	Image072.jpg	20	unit	印出對照
Furrier	獵捕毛皮者	Image072.jpg	20	job	印出對照
Game Slot	存檔欄	Image072.jpg	20	menu	印出對照
Garment	外衣	Image072.jpg	20	goods	印出對照
German	地名-德國	Image073.jpg	21	nation	印出對照
Giving Orders	下達指令	Image073.jpg	21	menu	印出對照
Goods	貨物，貨品	Image073.jpg	21	goods	印出對照
Governor	州長，執政者	Image073.jpg	21	concept	印出對照
Gunner	槍手	Image073.jpg	21	unit	印出對照
Gunships	武裝直升機(此指武裝船)	Image073.jpg	21	ship	印出對照
Hammers Completed	完成的鉚頭數	Image073.jpg	21	menu	印出對照
Hand Them Over	將東西送上	Image073.jpg	21	menu	印出對照
Harbor	港口，避難所	Image073.jpg	21	concept	印出對照
Heathen	異教徒	Image073.jpg	21	concept	印出對照
High Seas	公海	Image073.jpg	21	terrain	印出對照
Horse	馬	Image073.jpg	21	goods	印出對照
Huguenot	雨格諾(法國新教徒)	Image073.jpg	21	concept	印出對照
Huron	休倫族印地安人的	Image073.jpg	21	tribe	印出對照
Immigrant	移民	Image073.jpg	21	concept	印出對照
Independence	獨立	Image073.jpg	21	concept	印出對照
Index	中英對照表	Image073.jpg	21	menu	印出對照
Indian Convert	印地安歸順者	Image073.jpg	21	unit	印出對照
Indies	印地安人	Image073.jpg	21	other	印出對照
Infantry	步兵	Image073.jpg	21	unit	印出對照
Jacksonville	地名-傑克遜維爾	Image073.jpg	22	other	印出對照
Jesuit	耶穌會會員	Image073.jpg	22	job	印出對照
Jesuitzealous	耶穌會	Image073.jpg	22	other	印出對照
Knight	武士	Image073.jpg	22	unit	印出對照
Laborer	勞工	Image073.jpg	22	job	印出對照
Landfall	登陸	Image073.jpg	22	menu	印出對照
Liberty	自由	Image073.jpg	22	concept	印出對照
Load Key	裝載鍵	Image073.jpg	22	menu	印出對照
Man The Stockade	將來客擋在門外	Image073.jpg	22	menu	印出對照
Man-O-War	獨立戰爭時出現的戰船	Image073.jpg	22	ship	印出對照
Manhattan	地名-曼哈頓(紐約)	Image073.jpg	22	other	印出對照
Master	專家，主人	Image073.jpg	22	job	印出對照
Mayflower	船名-五月花號	Image073.jpg	22	ship	印出對照
Mercantilism	商業本位	Image073.jpg	22	concept	印出對照
Mercenaries	圖利，外籍傭兵	Image073.jpg	22	unit	印出對照
Mercenary	外籍傭兵	Image074.jpg	23	unit	印出對照
Merchant	商人	Image074.jpg	23	job	印出對照
Mesoamerica	中美洲	Image074.jpg	23	other	印出對照
Metal-Working	冶金	Image074.jpg	23	concept	印出對照
Mexico	地名-墨西哥	Image074.jpg	23	other	印出對照
Militia	國民兵	Image074.jpg	23	unit	印出對照
Mine	礦	Image074.jpg	23	terrain	印出對照
Minutemen	民兵	Image074.jpg	23	unit	印出對照
Mission	使命	Image074.jpg	23	building	印出對照
Montreal	地名-蒙特婁港市	Image074.jpg	23	other	印出對照
Movement Mode	移動模式	Image074.jpg	23	menu	印出對照
Musket	槍	Image074.jpg	23	goods	印出對照
Nation	國家	Image074.jpg	23	concept	印出對照
Native Converts	歸化的印地安人	Image074.jpg	23	unit	印出對照
Natives	原住民，原始居民	Image074.jpg	23	concept	印出對照
Naval Units Chart	海上單位圖表	Image074.jpg	23	menu	印出對照
Navy	海軍	Image074.jpg	23	concept	印出對照
Netherlands	地名-荷蘭	Image074.jpg	23	nation	印出對照
New York	地名-紐約	Image074.jpg	23	other	印出對照
Nomad	遊牧民族，流浪者	Image074.jpg	23	concept	印出對照
Non-Veteran	新手	Image074.jpg	23	concept	印出對照
Ottoman	土耳其人	Image074.jpg	23	other	印出對照
Outdoorsmen	戶外生活者	Image074.jpg	23	job	印出對照
Parliament	議會，議會制度	Image074.jpg	23	concept	印出對照
Patriot	愛國者	Image074.jpg	24	concept	印出對照
Peasant	農夫，鄉下人	Image074.jpg	24	concept	印出對照
Pennsylvania	地名-賓西法尼亞	Image074.jpg	24	other	印出對照
Petty Criminal	輕行犯	Image074.jpg	24	job	印出對照
Philadelphia	地名-費城	Image074.jpg	24	other	印出對照
Pilgrim	朝聖者，旅客	Image074.jpg	24	concept	印出對照
Pioneer	開路先鋒，前鋒	Image074.jpg	24	unit	印出對照
Pipe	煙管	Image074.jpg	24	other	印出對照
Pirate	海盜	Image074.jpg	24	unit	印出對照
Placing Colonies	決定地點	Image074.jpg	24	concept	印出對照
Plantation	大農場	Image074.jpg	24	concept	印出對照
Plow	灌溉	Image074.jpg	24	menu	印出對照
Plunder	掠奪品	Image074.jpg	24	concept	印出對照
Pope	教皇	Image074.jpg	24	other	印出對照
Population	人口	Image074.jpg	24	concept	印出對照
Port	港	Image074.jpg	24	concept	印出對照
Portuguese	葡萄牙的	Image074.jpg	24	nation	印出對照
Postmaster	郵政局長	Image074.jpg	24	other	印出對照
Prairie	牧場	Image074.jpg	24	terrain	印出對照
Preacher	牧師	Image074.jpg	24	job	印出對照
President	總統，總裁	Image074.jpg	24	concept	印出對照
Priesthood	神職，僧侶	Image074.jpg	24	concept	印出對照
Privateer	私掠船，海盜船	Image074.jpg	24	ship	印出對照
Pro-Catholic	前天主教徒	Image074.jpg	24	concept	印出對照
Production View	生產顯示模式	Image074.jpg	24	menu	印出對照
Profession	教業人才	Image074.jpg	24	job	印出對照
Protestanism	新教	Image074.jpg	24	concept	印出對照
Protestant	新教徒	Image074.jpg	24	concept	印出對照
Prussia	人名或地名	Image074.jpg	24	nation	印出對照
Puritan	清教徒	Image074.jpg	24	concept	印出對照
Quaker	教友派之信徒	Image074.jpg	24	concept	印出對照
Rebel	反叛，叛軍	Image075.jpg	25	concept	印出對照
Rebellion	反叛	Image075.jpg	25	concept	印出對照
Recruit	召募，雇用	Image075.jpg	25	menu	印出對照
Recruitment	雇用	Image075.jpg	25	menu	印出對照
Recruitment Pool	等待雇用的行列	Image075.jpg	25	concept	印出對照
Regular	正規軍	Image075.jpg	25	unit	印出對照
Religious Unrest	宗教不穩定	Image075.jpg	25	concept	印出對照
Reports Menu	報告選單	Image075.jpg	25	menu	印出對照
Republic	共和，共和體制	Image075.jpg	25	concept	印出對照
Revolution	革命	Image075.jpg	25	concept	印出對照
Rhode	地名-羅德島	Image075.jpg	25	other	印出對照
Road	道路	Image075.jpg	25	terrain	印出對照
Roadbuilding	築路	Image075.jpg	25	menu	印出對照
Royal	皇家的	Image075.jpg	25	concept	印出對照
Ruin	廢墟	Image075.jpg	25	terrain	印出對照
Rumor	謠言	Image075.jpg	25	concept	印出對照
Russia	地名-俄羅斯	Image075.jpg	25	nation	印出對照
Scalps	人頭皮，戰利品	Image075.jpg	25	concept	印出對照
Seaman	船員，水兵	Image075.jpg	25	job	印出對照
Seasoned	適應環境的	Image075.jpg	25	concept	印出對照
Settlement	部落，領地，城鎮	Image075.jpg	26	concept	印出對照
Settler	殖民，殖民地	Image075.jpg	26	concept	印出對照
Ship	船	Image075.jpg	26	ship	印出對照
Skills Chart	技能列表	Image075.jpg	26	menu	印出對照
Smuggler	走私，偷渡	Image075.jpg	26	concept	印出對照
Spain	地名-西班牙	Image075.jpg	26	nation	印出對照
Specialist	專家	Image075.jpg	26	job	印出對照
Specialty	專長	Image075.jpg	26	concept	印出對照
Squares	方塊，土地方塊	Image075.jpg	26	terrain	印出對照
Stable	馬廄，馬房	Image075.jpg	26	building	印出對照
Stadholder	省長，總督	Image075.jpg	26	concept	印出對照
Stockpile	儲備	Image075.jpg	26	concept	印出對照
Storage	庫存	Image075.jpg	26	concept	印出對照
Sweden	地名-瑞典	Image075.jpg	26	nation	印出對照
Tabacco	煙草	Image075.jpg	26	goods	印出對照
Tax Rate	稅率	Image075.jpg	26	concept	印出對照
Taxation	徵稅，稅款	Image075.jpg	26	concept	印出對照
Technical Support	技術支援	Image076.jpg	27	menu	印出對照
Teepee	印地安帳篷	Image076.jpg	27	other	印出對照
Terrain Chart	地形圖表	Image076.jpg	27	menu	印出對照
Territory	領域，區域	Image076.jpg	27	concept	印出對照
Textile	紡織物	Image076.jpg	27	goods	印出對照
Tool	工具	Image076.jpg	27	goods	印出對照
Tory Sentiment	保皇黨情結	Image076.jpg	27	concept	印出對照
Trapper	設陷阱捕捉動物的獵人	Image076.jpg	27	job	印出對照
Treasure	寶藏	Image076.jpg	27	concept	印出對照
Treasure Train	載運寶藏的車隊	Image076.jpg	27	unit	印出對照
Treasury	國庫	Image076.jpg	27	concept	印出對照
Treaty	條約	Image076.jpg	27	concept	印出對照
Tribe	部落	Image076.jpg	27	concept	印出對照
Tribute	貢獻，貢品	Image076.jpg	27	concept	印出對照
Turn	回合	Image076.jpg	27	concept	印出對照
Unit Button	單位鈕	Image076.jpg	27	menu	印出對照
Unit View	單位顯示模式	Image076.jpg	27	menu	印出對照
United States	美利堅合眾國	Image076.jpg	27	nation	印出對照
Unskilled	未受技能訓練的	Image076.jpg	27	concept	印出對照
Upkeep	保養，維持	Image076.jpg	27	concept	印出對照
Veteran	老手，老兵	Image076.jpg	28	concept	印出對照
Viceroy	總督，太守	Image076.jpg	28	concept	印出對照
View Mode	觀察模式	Image076.jpg	28	menu	印出對照
Village	村莊，部落	Image076.jpg	28	concept	印出對照
Virginia	地名-維吉尼亞	Image076.jpg	28	other	印出對照
Wagon	馬車	Image076.jpg	28	unit	印出對照
Wagon Train	運貨列車，貨車	Image076.jpg	28	unit	印出對照
War Of Independence	獨立戰爭	Image076.jpg	28	concept	印出對照
Warehouse	庫房，倉庫，庫存區	Image076.jpg	28	building	印出對照
Warrior	戰士	Image076.jpg	28	unit	印出對照
West India Company	西印度公司	Image076.jpg	28	other	印出對照
Wharf, Wharves	卸貨碼頭	Image076.jpg	28	building	印出對照
Working The Colony	在領地上的工作	Image076.jpg	28	menu	印出對照
Zoom	切換畫面	Image076.jpg	28	menu	印出對照
	領地城鎮貿易規劃表	Image077.jpg	29	menu	僅中文
	領地城鎮鄰近之印地安部落與地形資訊	Image077.jpg	29	menu	僅中文
Fur	毛皮	Image077.jpg	29	goods	印出對照
	任何無武裝人民	Image078.jpg		unit	僅中文
	原住民單位	Image078.jpg		concept	僅中文
	戰鬥單位	Image078.jpg		concept	僅中文
	武裝	Image078.jpg		concept	僅中文
	移動數	Image078.jpg		concept	僅中文
	貨艙	Image078.jpg		concept	僅中文
	防禦優勢	Image078.jpg		concept	僅中文
	防禦措施	Image078.jpg		concept	僅中文
Armed Brave	武裝勇士	Image078.jpg		unit	印出對照
Brave	勇士	Image078.jpg		unit	印出對照
Cavalry	騎兵	Image078.jpg		unit	印出對照
Continental Cavalry	大陸騎兵	Image078.jpg		unit	印出對照
Continental Regular	大陸正規軍	Image078.jpg		unit	印出對照
Damaged Artillery	受損的砲台	Image078.jpg		unit	印出對照
Fortified Unit	防禦狀態下的戰鬥單位	Image078.jpg		concept	印出對照
Merchantman	商船	Image078.jpg		ship	印出對照
Mounted Brave	騎馬的勇士	Image078.jpg		unit	印出對照
Mounted Warrior	騎馬的戰士	Image078.jpg		unit	印出對照
Seasoned Scout	斥侯	Image078.jpg		unit	印出對照
Treasure Train	運財列車	Image078.jpg		unit	印出對照
Verteran Dragoon	老手級龍騎兵	Image078.jpg		unit	印出對照
Veteran Soldier	老手級士兵	Image078.jpg		unit	印出對照
	生產量	Image079.jpg		concept	僅中文
COT	棉花	Image079.jpg		goods	印出對照
FD	食物	Image079.jpg		goods	印出對照
FISH	魚	Image079.jpg		goods	印出對照
Hills	丘陵	Image079.jpg		terrain	印出對照
LMB	木材	Image079.jpg		goods	印出對照
Marsh	沼池	Image079.jpg		terrain	印出對照
Ocean/Sea Lane	海洋	Image079.jpg		terrain	印出對照
SIL	銀	Image079.jpg		goods	印出對照
SUG	蔗糖	Image079.jpg		goods	印出對照
TOB	煙草	Image079.jpg		goods	印出對照
	工匠	Image080.jpg		job	僅中文
	戶外工作者	Image080.jpg		job	僅中文
	特殊技能	Image080.jpg		job	僅中文
	鎯頭	Image081.jpg		goods	僅中文
