message_id	source_file	source_file_sha256	section_offset	text_offset	text_byte_length	source_bytes_sha256	source_en	zh_hant	status	notes
PEDIA.TXT:@FATHER0	PEDIA.TXT	cd0bf6880d62df13b5f9fb4212a7ac20e60032db9de7aa3ad00862c422bb34d1	0x00000226	0x0000023C	431	ce40a1adb3745cc2e1d844822857ca9f0bb3d4b86b4bd1bcafc12cd01b693305	^{Adam Smith (1723-1790)}\nBritish economist who published the first major work of political \neconomy, "An Inquiry into the Nature and Causes of the Wealth of \nNations," which was a detailed examination of the consequences of \neconomic freedom.\n^\n{Adam Smith allows factory level buildings to be built in the colonies.\nFactories allow the production of 1 and 1/2 units of manufactured goods \nfor each unit of raw materials.}	^{亞當・斯密（1723-1790）}\n英國經濟學家，出版第一部重要的政治經濟學著作《國富論》，詳盡探討經濟自由的影響。\n^\n{亞當・斯密讓殖民地能興建工廠等級的建築。工廠每消耗一單位原料，可生產一又二分之一單位的製成品。}	draft	百科建國元勳整段草稿；檔案來源已確認，執行事件與中文安全矩形尚未驗證
PEDIA.TXT:@FATHER1	PEDIA.TXT	cd0bf6880d62df13b5f9fb4212a7ac20e60032db9de7aa3ad00862c422bb34d1	0x00000400	0x00000416	363	b2facd0119cc88275415d31de25d0fcd4d4ff9bf520735036f7971d6488bd6e3	^{Jakob Fugger (1459-1525)}\nExtremely successful German merchant active in early import and export \nbusiness from the East Indies. Exceedingly rich, he loaned money to \nEmperor Maxmillian I of Germany. \n^\n^{When Fugger joins the Congress, all boycotts currently in effect are \nforgiven, without back taxes. Trade in these goods may be resumed at no \ncost.}	^{雅各布・富格爾（1459-1525）}\n德國商人，在早期與東印度的進出口貿易中極為成功。他富甲一方，曾借款給德國皇帝馬克西米利安一世。\n^\n^{富格爾加入大陸會議後，現行所有抵制禁令都會解除，且不必補繳稅款；相關商品可免費恢復交易。}	draft	百科建國元勳整段草稿；檔案來源已確認，執行事件與中文安全矩形尚未驗證
PEDIA.TXT:@FATHER2	PEDIA.TXT	cd0bf6880d62df13b5f9fb4212a7ac20e60032db9de7aa3ad00862c422bb34d1	0x00000596	0x000005AC	275	566be9a3d966e99fd168ce8a9dca8e6d7e4a6e742fdc9f073c370246415d12d9	^{Peter Minuit (1580-1639)}\nDirector-general of the Dutch West India Company's colony in America, \nhe bought the Island of Manhattan from the Indians for $24....!\n^\n{Once Peter Minuit joins the Continental Congress, the Indians no longer \ndemand payment for their land.}	^{彼得・米努伊特（1580-1639）}\n荷蘭西印度公司在美洲殖民地的總督，曾以24美元向原住民購得曼哈頓島。\n^\n{彼得・米努伊特加入大陸會議後，原住民不再要求為土地付款。}	draft	百科建國元勳整段草稿；檔案來源已確認，執行事件與中文安全矩形尚未驗證
PEDIA.TXT:@FATHER3	PEDIA.TXT	cd0bf6880d62df13b5f9fb4212a7ac20e60032db9de7aa3ad00862c422bb34d1	0x000006D8	0x000006EE	378	32f2a4eb608be86776422d34ddf02c2d49cdc46eaa6052ffa8da56040050ccfd	^{Peter Stuyvesant (1610-1672)}\nFirst successful governor of the Dutch colony of New Amsterdam (New \nYork), he ruled harshly and promoted increased trade and increased \nprotection of New World interests.\n^\n{Peter Stuyvesant allows construction of the Custom House \nin your colonies which can streamline trade with Europe and allows \nEuropean trade during the Revolution.}	^{彼得・斯特伊弗桑特（1610-1672）}\n荷蘭殖民地新阿姆斯特丹（今紐約）的首位成功總督。他統治嚴厲，促進貿易，也加強保護新世界的利益。\n^\n{彼得・斯特伊弗桑特讓殖民地得以興建海關大樓，簡化與歐洲的貿易，並在革命期間維持歐洲貿易。}	draft	百科建國元勳整段草稿；檔案來源已確認，執行事件與中文安全矩形尚未驗證
PEDIA.TXT:@FATHER4	PEDIA.TXT	cd0bf6880d62df13b5f9fb4212a7ac20e60032db9de7aa3ad00862c422bb34d1	0x0000087C	0x00000892	357	c2158d2ad4341a76017a479fbe0b0ad1270a78627f4369cd821fd453c891e2ae	^{Jan de Witt (1625-1672)}\nDutch statesmen and Chief Minister of the United Provinces of the \nNetherlands, he sought to abolish the office of the stadtholder and to limit \nthe power of the House of Orange. \n^\n{When de Witt joins your Congress, trade with foreign colonies\nis allowed. In addition, your Foreign Affairs report becomes more \nrevealing.}	^{揚・德・維特（1625-1672）}\n荷蘭政治家、尼德蘭聯省共和國首席大臣。他主張廢除執政官職位，限制奧蘭治家族的權力。\n^\n{德・維特加入大陸會議後，可與外國殖民地交易；外交事務報告也會提供更多資訊。}	draft	百科建國元勳整段草稿；檔案來源已確認，執行事件與中文安全矩形尚未驗證
PEDIA.TXT:@FATHER5	PEDIA.TXT	cd0bf6880d62df13b5f9fb4212a7ac20e60032db9de7aa3ad00862c422bb34d1	0x00000A24	0x00000A3A	425	e385299e254c5bb36c29b4518b7d6bcc0bb84d3b4c24432e6aa0624dcdcc6bb0	^{Ferdinand Magellan (1480-1521)}\nPortuguese explorer who led the first European expedition to \nsuccessfully circumnavigate the globe. Although Magellan himself did not \ncomplete the voyage, his leadership and daring made it possible. \n^\n{With Magellan in the Congress, the movement allowance of all naval \nvessels is increased by one, and the time to sail from the west \nmap edge to Europe is shortened considerably.}	^{斐迪南・麥哲倫（1480-1521）}\n葡萄牙探險家，率領首支成功環球航行的歐洲船隊。雖然他本人未完成航程，但他的領導與勇氣使遠航成為可能。\n^\n{麥哲倫加入大陸會議後，所有海軍船隻的移動力增加一點，從地圖西緣航往歐洲的時間也大幅縮短。}	draft	百科建國元勳整段草稿；檔案來源已確認，執行事件與中文安全矩形尚未驗證
PEDIA.TXT:@FATHER6	PEDIA.TXT	cd0bf6880d62df13b5f9fb4212a7ac20e60032db9de7aa3ad00862c422bb34d1	0x00000C01	0x00000C17	420	464efbabd31bffedbfbd639fd89ba9dea1d6da0e1cb0813c806c6bf58442ea64	^{Francisco de Coronado (1510-1554)}\nSpanish conquistador who led the first European expedition into the \nAmerican southwest. He was the first to observe the Grand Canyon and the \nPueblos of New Mexico. Coronado was a careful organizer and a great scout \nwho gleaned valuable information about a wide area.\n^\n{When he joins the Congress, all existing colonies and the area around \nthem become visible on the map.}	^{法蘭西斯科・德・科羅納多（1510-1554）}\n西班牙征服者，率領首支深入美洲西南部的歐洲探險隊。他率先見到大峽谷與新墨西哥的普韋布洛聚落，也是善於籌劃並蒐集廣域情報的斥候。\n^\n{他加入大陸會議後，地圖上所有現存殖民地及其周邊區域都會顯露。}	draft	百科建國元勳整段草稿；檔案來源已確認，執行事件與中文安全矩形尚未驗證
PEDIA.TXT:@FATHER7	PEDIA.TXT	cd0bf6880d62df13b5f9fb4212a7ac20e60032db9de7aa3ad00862c422bb34d1	0x00000DD4	0x00000DEA	390	46c225dd739146d88eafa489e260e0988ca256c74378725a7ce9b8c2ab565c1c	^{Hernando de Soto (1500-1542)}\nRuthless Spanish Conquistador who led the first European expedition into \nthe southeastern areas of North America. He landed in Florida and \nexplored much of Georgia, Tennessee, Alabama, Mississippi, Louisiana, \nand Arkansas.\n^\n{With De Soto, results of exploring Lost City Rumors are always \npositive, and all units have an extended sighting radius.}	^{埃爾南多・德・索托（1500-1542）}\n冷酷的西班牙征服者，率領首支深入北美東南部的歐洲探險隊。他在佛羅里達登陸，探索喬治亞、田納西、阿拉巴馬、密西西比、路易斯安那與阿肯色等地。\n^\n{德・索托加入後，探索失落之城傳聞總會得到正面結果，所有單位的視野範圍也會擴大。}	draft	百科建國元勳整段草稿；檔案來源已確認，執行事件與中文安全矩形尚未驗證
PEDIA.TXT:@FATHER8	PEDIA.TXT	cd0bf6880d62df13b5f9fb4212a7ac20e60032db9de7aa3ad00862c422bb34d1	0x00000F85	0x00000F9B	474	c484ce6cd03f8ec2d26027c8e993e5d4fac9e1af40a68560a19df7168f4c80a9	^{Henry Hudson (????-1611)}\nEnglish explorer, in the service of the Netherlands, who explored \nChesapeake and Delaware bays and the Hudson River as far north as \npresent-day Albany. Hudson later discovered Hudson bay and was finally \nkilled by mutineers. Hudson bay became a primary fur trapping \npreserve, and the Hudson Bay Company operated extensive trapping and \nprocessing facilities for many years.\n^\n{Hudson increases the output of all Fur trappers by 100%%.}	^{亨利・哈德遜（????-1611）}\n英國探險家，曾為荷蘭探索切薩皮克灣、德拉瓦灣與哈德遜河，最遠抵達今日的奧爾巴尼。他後來發現哈德遜灣，最終遭叛變船員殺害。哈德遜灣成為重要的毛皮捕獵區；哈德遜灣公司多年經營大規模捕獵與加工設施。\n^\n{哈德遜使所有毛皮獵人的產量增加100%%。}	draft	百科建國元勳整段草稿；檔案來源已確認，執行事件與中文安全矩形尚未驗證
PEDIA.TXT:@FATHER9	PEDIA.TXT	cd0bf6880d62df13b5f9fb4212a7ac20e60032db9de7aa3ad00862c422bb34d1	0x00001186	0x0000119C	372	729971b7c807ea6889588ab45e42095c493acf434a8e9bd45e306721be2907c0	^{La Salle (1643-1687)}\nFrench Explorer who sailed down the Mississippi River into the Gulf of \nMexico and claimed  for the French Crown all land drained by this mighty \nriver. He was instrumental in establishing French dominance west of the \nAppalachians.\n^\n{La Salle gives all existing and future colonies a stockade when the \npopulation of the colony reaches 3.}	^{拉薩爾（1643-1687）}\n法國探險家，沿密西西比河航向墨西哥灣，並以法國王室名義宣稱整片流域的土地。他對法國在阿帕拉契山脈以西取得優勢影響重大。\n^\n{拉薩爾讓所有現有與未來殖民地在居民達到3人時獲得柵欄。}	draft	百科建國元勳整段草稿；檔案來源已確認，執行事件與中文安全矩形尚未驗證
PEDIA.TXT:@FATHER10	PEDIA.TXT	cd0bf6880d62df13b5f9fb4212a7ac20e60032db9de7aa3ad00862c422bb34d1	0x00001335	0x0000134C	345	e45d48ccbc2fda25e147883196116bd37b18c16fd41d2108f2ecaebcfacc51af	^{Hernan Cortes (1485-1547)}\nSpanish conqueror of Mexico and destroyer of the Aztec empire, Cortes is \nthe paradigm conquistador, a master of conquest and plunder.\n^\n{When Cortes joins your Congress, conquered native settlements always \nyield treasure, in greater abundance, and the king's galleons transport the \ntreasure free of charge.}	^{埃爾南・科爾特斯（1485-1547）}\n征服墨西哥並摧毀阿茲特克帝國的西班牙征服者，是擅長征服與掠奪的典型人物。\n^\n{科爾特斯加入大陸會議後，征服原住民聚落必定獲得更多寶藏，國王的帆船也會免費運送寶藏。}	draft	百科建國元勳整段草稿；檔案來源已確認，執行事件與中文安全矩形尚未驗證
PEDIA.TXT:@FATHER11	PEDIA.TXT	cd0bf6880d62df13b5f9fb4212a7ac20e60032db9de7aa3ad00862c422bb34d1	0x000014BF	0x000014D6	357	48c63f12682fa8e5ca50b4a02148410d65264d321a85fe3c1778646287c9e9bf	^{George Washington (1732-1799)}\nCommander of American revolutionary forces and first President of the \nUnited States, George Washington displayed a remarkable ability to train \nand inspire colonial forces to victory.\n^\n{Once Washington joins the Continental Congress, every non-veteran\nsoldier or dragoon who wins a combat is automatically upgraded.}	^{喬治・華盛頓（1732-1799）}\n美國革命軍統帥及美國首任總統。他展現出訓練與激勵殖民地軍隊取得勝利的卓越能力。\n^\n{華盛頓加入大陸會議後，任何贏得戰鬥的非老兵士兵或龍騎兵都會自動升級。}	draft	百科建國元勳整段草稿；檔案來源已確認，執行事件與中文安全矩形尚未驗證
PEDIA.TXT:@FATHER12	PEDIA.TXT	cd0bf6880d62df13b5f9fb4212a7ac20e60032db9de7aa3ad00862c422bb34d1	0x0000164F	0x00001666	488	a6225d058da6b0ac980f9ef361bb430ad6c5d90ef8ea9e0da37260ee32ed3c57	^{Paul Revere (1735-1818)}\nAmerican patriot who served in the Continental Army during the War of \nIndependence and roused the minutemen as British forces approached. \nPaul Revere's example as a patriot allows colonists working at productive \nduties to become minutemen, capable of rallying to the defense of the  \ncolony in times of danger.\n^\n{When a colony with no standing soldiers is attacked, a colonist\nautomatically takes up any stockpiled muskets in defense of the colony.}	^{保羅・里維爾（1735-1818）}\n美國愛國者，獨立戰爭期間在大陸軍服役，並在英軍逼近時召集民兵。他的榜樣使從事生產工作的居民在危急時能拿起武器，保衛殖民地。\n^\n{沒有常駐士兵的殖民地遭到攻擊時，一名居民會自動拿起庫存火槍保衛殖民地。}	draft	百科建國元勳整段草稿；檔案來源已確認，執行事件與中文安全矩形尚未驗證
PEDIA.TXT:@FATHER13	PEDIA.TXT	cd0bf6880d62df13b5f9fb4212a7ac20e60032db9de7aa3ad00862c422bb34d1	0x00001866	0x0000187D	330	1064aecd2d245b051671b0ef6c4e76ac27459279fa99ef2519e4c4936f68bd81	^{Francis Drake (1540-1596)}\nEngland's greatest seaman of the Elizabethan period, Drake was a \nformidable privateer who terrorized the Spanish Main with a fleet of \nfifteen ships then rescued a floundering English colony.\n^\n{When Drake joins the Congress, the combat strengths of all your \nprivateers are increased by 50%%.}	^{法蘭西斯・德雷克（1540-1596）}\n伊莉莎白時代英格蘭最傑出的航海家。他是令西班牙美洲沿岸聞風喪膽的私掠船長，曾率十五艘船出航，之後救援一座陷入困境的英國殖民地。\n^\n{德雷克加入大陸會議後，所有私掠船的戰鬥力增加50%%。}	draft	百科建國元勳整段草稿；檔案來源已確認，執行事件與中文安全矩形尚未驗證
PEDIA.TXT:@FATHER14	PEDIA.TXT	cd0bf6880d62df13b5f9fb4212a7ac20e60032db9de7aa3ad00862c422bb34d1	0x000019DF	0x000019F6	298	1a5121c2439c7dc8ffeca193e67a993ee2b12844a4580fd6580f4afad12f5e4e	^{John Paul Jones (1747-1792)}\nDaring Scottish naval commander who served for the colonies during the \nWar of Independence, he demonstrated his incredible abilities in many \ndaring exploits in battle.\n^\n{When Jones enters the Congress, a Frigate is added to your colonial\nnavy, without cost.}	^{約翰・保羅・瓊斯（1747-1792）}\n蘇格蘭出身的勇敢海軍指揮官，獨立戰爭期間為殖民地效力，在多次大膽的海戰行動中展現才幹。\n^\n{瓊斯加入大陸會議後，殖民地海軍免費獲得一艘巡防艦。}	draft	百科建國元勳整段草稿；檔案來源已確認，執行事件與中文安全矩形尚未驗證
PEDIA.TXT:@FATHER15	PEDIA.TXT	cd0bf6880d62df13b5f9fb4212a7ac20e60032db9de7aa3ad00862c422bb34d1	0x00001B49	0x00001B60	315	c44732e74a0b52b55b1936bc1231b55afe20ef7628b5c837b3560131bff09480	^{Thomas Jefferson (1743-1826)}\nGreat US statesman, framer of the Constitution, and third President of the \nUnited States, Jefferson promoted the development of democratic \ninstitutions within Colonial America. \n^\n{Jefferson's presence in the Congress increases Liberty Bell production \nof statesmen by 50%%.}	^{湯瑪斯・傑佛遜（1743-1826）}\n美國重要政治家、憲法起草者與第三任總統；他推動了殖民地美洲民主制度的發展。\n^\n{傑佛遜加入大陸會議後，政治家生產的自由鐘增加50%%。}	draft	百科建國元勳整段草稿；檔案來源已確認，執行事件與中文安全矩形尚未驗證
PEDIA.TXT:@FATHER16	PEDIA.TXT	cd0bf6880d62df13b5f9fb4212a7ac20e60032db9de7aa3ad00862c422bb34d1	0x00001CAE	0x00001CC5	458	4e06b77df1db503e692da8f3fdf802ad7c3cb2d4f8dcd301842d276285386527	^{Pocahontas (1595-1617)}\nPowhattan Indian princess who mediated tensions between the English \ncolony at Jamestown and the Powhattan Confederacy of Virginia. \nPocahontas married John Rolffe, an Englishman from Jamestown, which \nled to a period of peace between the Indians and the English.\n^\n{When Pocahontas joins the Congress, all tension levels between you and \nthe natives are reduced to content, and all Indian alarm is generated half \nas fast.}	^{寶嘉康蒂（1595-1617）}\n維吉尼亞波瓦坦聯盟的原住民公主，曾調解詹姆斯敦英國殖民地與波瓦坦聯盟的緊張關係。她與詹姆斯敦的英國人約翰・羅爾夫結婚後，原住民與英國人之間迎來一段和平時期。\n^\n{寶嘉康蒂加入大陸會議後，你與原住民之間的緊張程度全部降至滿意，原住民的警戒累積速度減半。}	draft	百科建國元勳整段草稿；檔案來源已確認，執行事件與中文安全矩形尚未驗證
PEDIA.TXT:@FATHER17	PEDIA.TXT	cd0bf6880d62df13b5f9fb4212a7ac20e60032db9de7aa3ad00862c422bb34d1	0x00001EA4	0x00001EBB	442	0a2584cb3f37628c97a5f8384a76f1298e082e91e5a459046c4d5c2f6eaf5a6e	^{Thomas Paine (1737-1809)}\nEnglishman that migrated to Philadelphia and wrote the important, \ninflammatory pamphlet, "Common Sense," which strongly advocated total \nindependence for the colonies. He later wrote "The Rights of Man" in \nfavor of the French Revolution, and finally "The Age of Reason."\n^\n{When Paine enters the Continental Congress, Liberty Bell production\nin all colonies is increased by value of the current tax rate.}	^{湯瑪斯・潘恩（1737-1809）}\n移居費城的英國人，撰寫了極具影響力、強烈倡議殖民地完全獨立的《常識》。他後來為支持法國大革命寫下《人權論》，最後又寫了《理性時代》。\n^\n{潘恩加入大陸會議後，所有殖民地的自由鐘產量會按當前稅率增加。}	draft	百科建國元勳整段草稿；檔案來源已確認，執行事件與中文安全矩形尚未驗證
PEDIA.TXT:@FATHER18	PEDIA.TXT	cd0bf6880d62df13b5f9fb4212a7ac20e60032db9de7aa3ad00862c422bb34d1	0x0000208B	0x000020A2	313	3c8053ec9c63069fc0c27782740e225929a798cf0a40ecc2385da3fee9df39b8	^{Simon Bolivar (1783-1830)}\nOrganized and, in large part, conducted the rebellions in a vast area of \nnorthern South America, liberating current-day Venezuela, Colombia, \nEcuador, Peru, and Bolivia.\n^\n{When Bolivar is in the Congress, Sons of Liberty membership in all \nyour colonies is increased by 20%%.}	^{西蒙・玻利瓦（1783-1830）}\n組織並主導南美洲北部廣大地區的起義，解放了今日的委內瑞拉、哥倫比亞、厄瓜多、祕魯與玻利維亞。\n^\n{玻利瓦加入大陸會議後，所有殖民地的自由之子支持率增加20%%。}	draft	百科建國元勳整段草稿；檔案來源已確認，執行事件與中文安全矩形尚未驗證
PEDIA.TXT:@FATHER19	PEDIA.TXT	cd0bf6880d62df13b5f9fb4212a7ac20e60032db9de7aa3ad00862c422bb34d1	0x000021F5	0x0000220C	526	2abbe08985cc1abb99735af5888feba04c635f216b854c22ac14fdee825ea433	^{Benjamin Franklin (1706-1790)}\nColonial and later US Statesman who became the first Postmaster, \nprinter, and foreign ambassador in the English colonies. He was also one \nof the first great American scientists. Franklin, as ambassador to Europe \nin the Continental Congress, brings coherence to the colonies' relations \nwith foreign powers.\n^\n{The King's European Wars have no further effect on the relations \nbetween the powers in the New World, and Europeans in the New World \nalways offer peace in negotiations.}	^{班傑明・富蘭克林（1706-1790）}\n殖民地時期及其後的美國政治家，曾任首任郵政總長、印刷商與駐外大使，也是早期重要的美國科學家。他在大陸會議中擔任對歐洲的使節，使殖民地與外國勢力的關係更有章法。\n^\n{國王在歐洲的戰爭不再影響新世界各國關係；新世界的歐洲勢力在談判時也總會提出和平。}	draft	百科建國元勳整段草稿；檔案來源已確認，執行事件與中文安全矩形尚未驗證
PEDIA.TXT:@FATHER20	PEDIA.TXT	cd0bf6880d62df13b5f9fb4212a7ac20e60032db9de7aa3ad00862c422bb34d1	0x00002443	0x0000245A	403	abb4ab09db3b010003b1e2d6f8d796591c205cd5734ed53103b3379c1fe19d4f	^{William Brewster (1567-1644)}\nOne of the Pilgrim Fathers and framers of the Mayflower Compact, \nWilliam Brewster served as the first Pilgrim minister, and was \ninstrumental in organizing the party that sailed on the Mayflower.\n^\n{With Brewster in the Congress, no more criminals or servants appear \non the docks, and  you select which immigrant in the Recruitment Pool \nwill move to the docks.}	^{威廉・布魯斯特（1567-1644）}\n清教徒先驅之一，也是《五月花號公約》的起草者。他擔任首任清教徒牧師，對組織乘五月花號渡海的隊伍有關鍵作用。\n^\n{布魯斯特加入大陸會議後，碼頭不再出現罪犯或契約僕役，且你可選擇招募名單中的哪位移民前往碼頭。}	draft	百科建國元勳整段草稿；檔案來源已確認，執行事件與中文安全矩形尚未驗證
PEDIA.TXT:@FATHER21	PEDIA.TXT	cd0bf6880d62df13b5f9fb4212a7ac20e60032db9de7aa3ad00862c422bb34d1	0x00002602	0x00002619	274	876ba30739c3aeb087fb3053b0f4d875885021c569e901215ad2cbb8bbc3a911	^{William Penn (1644-1718)}\nEnglish Quaker leader and founder of Pennsylvania, William Penn \nobtained a large land grant in North America for religious freedom. This \nland later became Pennsylvania. \n^\n{With Penn, cross production in all colonies is increased by 50%%.}	^{威廉・潘（1644-1718）}\n英國貴格會領袖、賓夕法尼亞的創建者。他為宗教自由取得北美大片土地，後來成為賓夕法尼亞。\n^\n{潘加入後，所有殖民地的十字架產量增加50%%。}	draft	百科建國元勳整段草稿；檔案來源已確認，執行事件與中文安全矩形尚未驗證
PEDIA.TXT:@FATHER22	PEDIA.TXT	cd0bf6880d62df13b5f9fb4212a7ac20e60032db9de7aa3ad00862c422bb34d1	0x0000274A	0x00002761	339	c9b4bce7a3b9e29ae25f6faa71a7b5a6083ea5949a61298677b06c2db66c7b51	^{Father Jean de Brebeuf (1593-1649)}\nFrench Jesuit Missionary who died at the hands of the Iroquois in the \nHuron country of Canada in a battle between the Hurons and Iroquois. He \ntranslated the Catechism into the Huron language and was canonized in \n1930.\n^\n{With de Brebeuf in the Congress, all missionaries function as experts.}	^{讓・德・布雷伯夫神父（1593-1649）}\n法國耶穌會傳教士，在加拿大休倫人與易洛魁人的戰爭中死於易洛魁人之手。他將教理問答譯成休倫語，並於1930年獲封聖。\n^\n{德・布雷伯夫加入大陸會議後，所有傳教士都以專家的能力工作。}	draft	百科建國元勳整段草稿；檔案來源已確認，執行事件與中文安全矩形尚未驗證
PEDIA.TXT:@FATHER23	PEDIA.TXT	cd0bf6880d62df13b5f9fb4212a7ac20e60032db9de7aa3ad00862c422bb34d1	0x000028CE	0x000028E5	432	8f9cff567d2f1594c793a764c17eb2c1cb262fe0b89ca10e4231e66da0e98bd4	^{Juan de Sepulveda (ca. 1490-ca. 1573)}\nSpanish philosopher and "humanist" who argued for harsh treatment of \nthe natives. He based his reasoning on the proposition that the Natives \nwere incapable of ruling themselves because of their savagery; this was \nproved by their inability to resist Spanish invasion...\n^\n{His presence in the Congress increases the chance that subjugated \nIndians will "convert" and join a colony.}	^{胡安・德・塞普爾韋達（約1490-約1573）}\n西班牙哲學家與所謂的「人文主義者」，主張嚴酷對待原住民。他宣稱原住民因「野蠻」而無法自治，甚至把他們無法抵抗西班牙入侵當作證據。\n^\n{他加入大陸會議後，被征服的原住民「歸化」並加入殖民地的機率提高。}	draft	百科建國元勳整段草稿；檔案來源已確認，執行事件與中文安全矩形尚未驗證
PEDIA.TXT:@FATHER24	PEDIA.TXT	cd0bf6880d62df13b5f9fb4212a7ac20e60032db9de7aa3ad00862c422bb34d1	0x00002AB4	0x00002ACB	414	dc3eda7acc362aca791b14251b104b59276a3dafccc36af868634c42995012fe	^{Bartolome de Las Casas (1474-1566)}\nThe "Apostle of the Indians," Las Casas was a Spanish missionary who \nsailed with Columbus' third expedition. His efforts to protect the native \npopulation from slavery and abuse led him to speak on their behalf in the \nSpanish courts on several occasions.\n^\n{With Las Casas, all currently existing Indian converts are assimilated\ninto the colonies as free colonists.} 	^{巴托洛梅・德・拉斯・卡薩斯（1474-1566）}\n被稱為「原住民的使徒」的西班牙傳教士，隨哥倫布第三次遠航抵達美洲。他努力保護原住民免受奴役與虐待，並數次在西班牙宮廷為他們發聲。\n^\n{拉斯・卡薩斯加入後，所有現存的原住民歸化者都會融入殖民地，成為自由殖民者。}	draft	百科建國元勳整段草稿；檔案來源已確認，執行事件與中文安全矩形尚未驗證
