candidate_id	source_file	source_sha256	byte_offset	source_byte_length	source_bytes_sha256	source_text	zh_hant	role	status	notes
NAMES.TXT:0x000000C0	NAMES.TXT	4bf5ba261f71e9215450801d0ac4b00a66e91b046a3b592516524bea03bd6061	0x000000C0	6	db29e82a9287fc2834d8596af212c2da01149ebab1f0a48437b1f0c990af7647	Spring	春季	season	draft	目標143；沿主譯稿 NAMES.TXT:0x000000C0
NAMES.TXT:0x000000C8	NAMES.TXT	4bf5ba261f71e9215450801d0ac4b00a66e91b046a3b592516524bea03bd6061	0x000000C8	6	e0906c2d6dc6d5263762d7ee5895e0544c326c26fb7f4f3163cde2d20b8f068f	Autumn	秋季	season	draft	目標143；沿主譯稿 NAMES.TXT:0x000000C8
LABELS.TXT:0x00000BB2	LABELS.TXT	e4af0da201eb4df5ecdc2033d711d30f975c752f2967dc97b6a8159004582204	0x00000BB2	5	4ef9180a9b9e73f2bf1ffa31213e80909b50054f071e6716893ee44cb9dae6da	Gold:	金錢：	label	draft	目標143；@CTITLE 標籤；狀態欄沿用同字屬強推論
LABELS.TXT:0x00000C19	LABELS.TXT	e4af0da201eb4df5ecdc2033d711d30f975c752f2967dc97b6a8159004582204	0x00000C19	4	b1fbce8ef234b66a58dcba8a661dc4c551cde8a4e1c2eacc6ccb86a8d87d6cf1	Tax:	稅率：	label	draft	目標143；@CTITLE 標籤；狀態欄沿用同字屬強推論
LABELS.TXT:0x000000C0	LABELS.TXT	e4af0da201eb4df5ecdc2033d711d30f975c752f2967dc97b6a8159004582204	0x000000C0	6	572537085fb28e74be43313a8eb360181353e823885a59fa1ed19726da664a9d	Moves:	行動：	label	draft	目標143；@INFO
LABELS.TXT:0x000000C8	LABELS.TXT	e4af0da201eb4df5ecdc2033d711d30f975c752f2967dc97b6a8159004582204	0x000000C8	6	aae09d053976ae1cd20e3a75a95e4bdcd9c83bdcc08a8112a03e7bd6df686f6e	Locat:	位置：	label	draft	目標143；@INFO；原版縮寫 Location
LABELS.TXT:0x00000116	LABELS.TXT	e4af0da201eb4df5ecdc2033d711d30f975c752f2967dc97b6a8159004582204	0x00000116	12	b58117a57471e387a74fe58ad46c04194a6d1741bddbaeceb120ddba0e206cf0	Inbound From	駛自	label	draft	目標143；@MISC；頂列回合訊息「國籍＋船種＋Inbound From＋港口」
LABELS.TXT:0x00000411	LABELS.TXT	e4af0da201eb4df5ecdc2033d711d30f975c752f2967dc97b6a8159004582204	0x00000411	7	abcf0f136c1ed0ddcaf5ef1a97717e36b81f63b7f639d50c2c154f087060e191	Veteran	老兵	cargo	draft	目標143；@MISC；載具內老兵單位的短名
NAMES.TXT:0x00000969	NAMES.TXT	4bf5ba261f71e9215450801d0ac4b00a66e91b046a3b592516524bea03bd6061	0x00000969	7	ba118bf7fc9c1aedc1edb28a0aa86e0b43b681f222af6616e13c43be87815b06	English	英格蘭	nation	draft	目標143；@NATIONALITY；頂列訊息形容詞用法
NAMES.TXT:0x0000099B	NAMES.TXT	4bf5ba261f71e9215450801d0ac4b00a66e91b046a3b592516524bea03bd6061	0x0000099B	4	e1bac0132721d1f5286325ffcb7d03f17dacd02e8ec8aeb7e77b39fa8f4a9700	Eng.	英．	nation_abbrev	draft	目標143；@NATIONABBREV
NAMES.TXT:0x000009C1	NAMES.TXT	4bf5ba261f71e9215450801d0ac4b00a66e91b046a3b592516524bea03bd6061	0x000009C1	6	ecc0e7dc084f141b29479058967d0bc07dee25d9690a98ee4e6fdad5168274d7	London	倫敦	port	draft	目標143；@HOMEPORT；沿主譯稿
NAMES.TXT:0x000025FD	NAMES.TXT	4bf5ba261f71e9215450801d0ac4b00a66e91b046a3b592516524bea03bd6061	0x000025FD	7	840586e8ffd9c2c87d252364e6307a4d380f6adc6e5d72b5e84bd2fd99236255	Caravel	卡拉維爾帆船	unit	draft	目標143；@UNIT；沿 PEDIA.TXT:@UNIT13 譯名
NAMES.TXT:0x00002855	NAMES.TXT	4bf5ba261f71e9215450801d0ac4b00a66e91b046a3b592516524bea03bd6061	0x00002855	9	e30049639cf74d69c8ed68679305053b30a83ac02f5860a226f5259b1f1066b1	No Orders	無命令	order	draft	目標143；@ORDERS
NAMES.TXT:0x0000286A	NAMES.TXT	4bf5ba261f71e9215450801d0ac4b00a66e91b046a3b592516524bea03bd6061	0x0000286A	6	5ece526b2e72c2e5004c95dcada14bb8fc8ecbc099e22d17c5afcdb853be46a2	Sentry	警戒	order	draft	目標143；@ORDERS；沿 PEDIA.TXT 用語
NAMES.TXT:0x000005C4	NAMES.TXT	4bf5ba261f71e9215450801d0ac4b00a66e91b046a3b592516524bea03bd6061	0x000005C4	5	fed12611d2d8c162e34719e368f2b823bd4051762b171196a55fd975745d726f	Ocean	海洋	terrain	draft	目標143；@OTHER
NAMES.TXT:0x000005FD	NAMES.TXT	4bf5ba261f71e9215450801d0ac4b00a66e91b046a3b592516524bea03bd6061	0x000005FD	8	654e16a3a27645984d6e03163dda9da536b7ccf8849268441e46959d2ff7726b	Sea Lane	航道	terrain	draft	目標143；@OTHER
NAMES.TXT:0x000006E1	NAMES.TXT	4bf5ba261f71e9215450801d0ac4b00a66e91b046a3b592516524bea03bd6061	0x000006E1	10	5e08429e411ab5c5a8d017aa4cd8a07f136b839b21b5defa199e2c4fc24902e5	Unexplored	未探索	terrain	draft	目標143；沿主譯稿 NAMES.TXT:0x000006E1
NAMES.TXT:0x000021C5	NAMES.TXT	4bf5ba261f71e9215450801d0ac4b00a66e91b046a3b592516524bea03bd6061	0x000021C5	5	ea93d6a262ecb87a9fa4d09edbd7654c046597936a8e235fc3949eb01775ff99	Tools	工具	goods	draft	目標143；@CARGO
MENU.TXT:0x000000BD	MENU.TXT	5a7d2f4bf9f657b68177fb9b38e74ac92a1f191732bbc122c28563a41d7a3702	0x000000BD	5	50cc1b16306226917bcdb1493591b6259b3683ec60b643556bd0e31637eca341	~GAME	遊戲	menu	draft	目標143；選單列；快捷鍵字母 G 前置黃色
MENU.TXT:0x00000160	MENU.TXT	5a7d2f4bf9f657b68177fb9b38e74ac92a1f191732bbc122c28563a41d7a3702	0x00000160	5	254e295ec7a161e1aa15e9b660f0904551fa4af7127aaa92d3150d5a5c72f50a	~VIEW	檢視	menu	draft	目標143；選單列；快捷鍵字母 V
MENU.TXT:0x0000025B	MENU.TXT	5a7d2f4bf9f657b68177fb9b38e74ac92a1f191732bbc122c28563a41d7a3702	0x0000025B	7	3e0df1782a775a2704477672e72d4958326fc06b5a4945ce03899cb868033766	~ORDERS	命令	menu	draft	目標143；選單列；快捷鍵字母 O
MENU.TXT:0x000003E9	MENU.TXT	5a7d2f4bf9f657b68177fb9b38e74ac92a1f191732bbc122c28563a41d7a3702	0x000003E9	8	0c81899ab8ba3aceb83933c00afda468d17bac1f8cc85a8ea534562f9705b6a7	~REPORTS	報告	menu	draft	目標143；選單列；快捷鍵字母 R
MENU.TXT:0x00000502	MENU.TXT	5a7d2f4bf9f657b68177fb9b38e74ac92a1f191732bbc122c28563a41d7a3702	0x00000502	6	23fdafeba771f8b37328848b95c7b4cb2f7f51976bd37b27207629c7aa9669f5	~TRADE	貿易	menu	draft	目標143；選單列；快捷鍵字母 T
MENU.TXT:0x0000066B	MENU.TXT	5a7d2f4bf9f657b68177fb9b38e74ac92a1f191732bbc122c28563a41d7a3702	0x0000066B	14	c80eff3715ee153b32c973f6ff38f8c2d3c7822cec5f80ad70202f3629625e8a	~COLONIZOPEDIA	殖民百科	menu	draft	目標143；選單列；快捷鍵字母 C
